"county","category","sale.dollars","sale.volume","high.school","bachelor","unemployment","income","population","pop.white","pop.black","pop.indian","pop.asian","pop.hawai","pop.other","pop.multi"
"Adair","Whisky",113112,7956,93.4,16.6,2.8,31506,7330,7188,21,1,35,0,8,77
"Adair","Tequila",11397,760,93.4,16.6,2.8,31506,7330,7188,21,1,35,0,8,77
"Adair","Distilled Spirits",1618,110,93.4,16.6,2.8,31506,7330,7188,21,1,35,0,8,77
"Adair","Misc",14372,918,93.4,16.6,2.8,31506,7330,7188,21,1,35,0,8,77
"Adair","Vodka",40851,4101,93.4,16.6,2.8,31506,7330,7188,21,1,35,0,8,77
"Adair","Rum",31541,2376,93.4,16.6,2.8,31506,7330,7188,21,1,35,0,8,77
"Adair","Brandy",7981,695,93.4,16.6,2.8,31506,7330,7188,21,1,35,0,8,77
"Adair","Amaretto",583,77,93.4,16.6,2.8,31506,7330,7188,21,1,35,0,8,77
"Adair","Schnapps",9266,908,93.4,16.6,2.8,31506,7330,7188,21,1,35,0,8,77
"Adair","Gin",2051,160,93.4,16.6,2.8,31506,7330,7188,21,1,35,0,8,77
"Adams","Brandy",2900,249,92.5,16.7,3.1,29880,3822,3720,19,4,33,0,3,43
"Adams","Misc",13064,780,92.5,16.7,3.1,29880,3822,3720,19,4,33,0,3,43
"Adams","Whisky",103643,7006,92.5,16.7,3.1,29880,3822,3720,19,4,33,0,3,43
"Adams","Rum",14309,985,92.5,16.7,3.1,29880,3822,3720,19,4,33,0,3,43
"Adams","Schnapps",7172,518,92.5,16.7,3.1,29880,3822,3720,19,4,33,0,3,43
"Adams","Tequila",9413,712,92.5,16.7,3.1,29880,3822,3720,19,4,33,0,3,43
"Adams","Vodka",25321,2686,92.5,16.7,3.1,29880,3822,3720,19,4,33,0,3,43
"Adams","Distilled Spirits",1044,68,92.5,16.7,3.1,29880,3822,3720,19,4,33,0,3,43
"Adams","Gin",2333,212,92.5,16.7,3.1,29880,3822,3720,19,4,33,0,3,43
"Adams","Amaretto",450,60,92.5,16.7,3.1,29880,3822,3720,19,4,33,0,3,43
"Allamakee","Vodka",158147,15919,88.1,17,4.7,28718,14001,13497,118,32,61,2,64,227
"Allamakee","Amaretto",2381,239,88.1,17,4.7,28718,14001,13497,118,32,61,2,64,227
"Allamakee","Misc",69287,4301,88.1,17,4.7,28718,14001,13497,118,32,61,2,64,227
"Allamakee","Brandy",40302,3649,88.1,17,4.7,28718,14001,13497,118,32,61,2,64,227
"Allamakee","Schnapps",79787,6237,88.1,17,4.7,28718,14001,13497,118,32,61,2,64,227
"Allamakee","Tequila",22729,1451,88.1,17,4.7,28718,14001,13497,118,32,61,2,64,227
"Allamakee","Distilled Spirits",3430,232,88.1,17,4.7,28718,14001,13497,118,32,61,2,64,227
"Allamakee","Whisky",287559,21650,88.1,17,4.7,28718,14001,13497,118,32,61,2,64,227
"Allamakee","Rum",123946,8436,88.1,17,4.7,28718,14001,13497,118,32,61,2,64,227
"Allamakee","Gin",11174,901,88.1,17,4.7,28718,14001,13497,118,32,61,2,64,227
"Appanoose","Brandy",11199,880,89.9,18.1,6.6,27485,12602,12289,61,6,62,0,2,182
"Appanoose","Tequila",36133,2679,89.9,18.1,6.6,27485,12602,12289,61,6,62,0,2,182
"Appanoose","Distilled Spirits",3942,186,89.9,18.1,6.6,27485,12602,12289,61,6,62,0,2,182
"Appanoose","Misc",70681,3909,89.9,18.1,6.6,27485,12602,12289,61,6,62,0,2,182
"Appanoose","Schnapps",45465,3757,89.9,18.1,6.6,27485,12602,12289,61,6,62,0,2,182
"Appanoose","Vodka",160579,15761,89.9,18.1,6.6,27485,12602,12289,61,6,62,0,2,182
"Appanoose","Rum",105160,7627,89.9,18.1,6.6,27485,12602,12289,61,6,62,0,2,182
"Appanoose","Whisky",314443,19653,89.9,18.1,6.6,27485,12602,12289,61,6,62,0,2,182
"Appanoose","Amaretto",5257,506,89.9,18.1,6.6,27485,12602,12289,61,6,62,0,2,182
"Appanoose","Gin",13018,1124,89.9,18.1,6.6,27485,12602,12289,61,6,62,0,2,182
"Audubon","Vodka",31303,3926,89.6,13.1,2.8,27310,5793,5636,22,38,11,0,0,86
"Audubon","Misc",10066,624,89.6,13.1,2.8,27310,5793,5636,22,38,11,0,0,86
"Audubon","Brandy",3716,346,89.6,13.1,2.8,27310,5793,5636,22,38,11,0,0,86
"Audubon","Gin",2028,162,89.6,13.1,2.8,27310,5793,5636,22,38,11,0,0,86
"Audubon","Amaretto",1481,197,89.6,13.1,2.8,27310,5793,5636,22,38,11,0,0,86
"Audubon","Rum",30595,2232,89.6,13.1,2.8,27310,5793,5636,22,38,11,0,0,86
"Audubon","Distilled Spirits",356,18,89.6,13.1,2.8,27310,5793,5636,22,38,11,0,0,86
"Audubon","Tequila",3430,237,89.6,13.1,2.8,27310,5793,5636,22,38,11,0,0,86
"Audubon","Whisky",71730,5796,89.6,13.1,2.8,27310,5793,5636,22,38,11,0,0,86
"Audubon","Schnapps",6047,564,89.6,13.1,2.8,27310,5793,5636,22,38,11,0,0,86
"Benton","Vodka",138430,14600,92.8,21.8,3.8,34563,25720,25147,140,10,79,0,47,297
"Benton","Whisky",288848,21693,92.8,21.8,3.8,34563,25720,25147,140,10,79,0,47,297
"Benton","Rum",103779,7354,92.8,21.8,3.8,34563,25720,25147,140,10,79,0,47,297
"Benton","Tequila",28704,2080,92.8,21.8,3.8,34563,25720,25147,140,10,79,0,47,297
"Benton","Distilled Spirits",4114,178,92.8,21.8,3.8,34563,25720,25147,140,10,79,0,47,297
"Benton","Gin",10103,933,92.8,21.8,3.8,34563,25720,25147,140,10,79,0,47,297
"Benton","Brandy",24499,2159,92.8,21.8,3.8,34563,25720,25147,140,10,79,0,47,297
"Benton","Amaretto",2658,221,92.8,21.8,3.8,34563,25720,25147,140,10,79,0,47,297
"Benton","Schnapps",43782,3419,92.8,21.8,3.8,34563,25720,25147,140,10,79,0,47,297
"Benton","Misc",51367,3242,92.8,21.8,3.8,34563,25720,25147,140,10,79,0,47,297
"Black Hawk","Whisky",4490927,275531,90.8,27,6.3,27979,132821,113015,11778,420,2608,299,1874,2827
"Black Hawk","Rum",1953607,137217,90.8,27,6.3,27979,132821,113015,11778,420,2608,299,1874,2827
"Black Hawk","Brandy",1308312,62581,90.8,27,6.3,27979,132821,113015,11778,420,2608,299,1874,2827
"Black Hawk","Misc",1310459,75360,90.8,27,6.3,27979,132821,113015,11778,420,2608,299,1874,2827
"Black Hawk","Amaretto",58143,5916,90.8,27,6.3,27979,132821,113015,11778,420,2608,299,1874,2827
"Black Hawk","Vodka",3669281,296296,90.8,27,6.3,27979,132821,113015,11778,420,2608,299,1874,2827
"Black Hawk","Gin",579620,44616,90.8,27,6.3,27979,132821,113015,11778,420,2608,299,1874,2827
"Black Hawk","Schnapps",754695,51979,90.8,27,6.3,27979,132821,113015,11778,420,2608,299,1874,2827
"Black Hawk","Tequila",1040044,56138,90.8,27,6.3,27979,132821,113015,11778,420,2608,299,1874,2827
"Black Hawk","Distilled Spirits",124361,13533,90.8,27,6.3,27979,132821,113015,11778,420,2608,299,1874,2827
"Boone","Vodka",291581,28754,94.4,22.4,4.3,31885,26411,25618,324,60,36,11,44,318
"Boone","Rum",193903,13826,94.4,22.4,4.3,31885,26411,25618,324,60,36,11,44,318
"Boone","Distilled Spirits",8443,524,94.4,22.4,4.3,31885,26411,25618,324,60,36,11,44,318
"Boone","Gin",32274,2692,94.4,22.4,4.3,31885,26411,25618,324,60,36,11,44,318
"Boone","Whisky",586592,40583,94.4,22.4,4.3,31885,26411,25618,324,60,36,11,44,318
"Boone","Tequila",52539,3498,94.4,22.4,4.3,31885,26411,25618,324,60,36,11,44,318
"Boone","Amaretto",5443,482,94.4,22.4,4.3,31885,26411,25618,324,60,36,11,44,318
"Boone","Schnapps",61374,4607,94.4,22.4,4.3,31885,26411,25618,324,60,36,11,44,318
"Boone","Misc",110392,6595,94.4,22.4,4.3,31885,26411,25618,324,60,36,11,44,318
"Boone","Brandy",30032,2335,94.4,22.4,4.3,31885,26411,25618,324,60,36,11,44,318
"Bremer","Schnapps",93232,7445,95.3,27.9,3.2,31932,24663,23758,265,60,216,39,110,215
"Bremer","Gin",37452,2914,95.3,27.9,3.2,31932,24663,23758,265,60,216,39,110,215
"Bremer","Misc",137292,8384,95.3,27.9,3.2,31932,24663,23758,265,60,216,39,110,215
"Bremer","Vodka",357142,34371,95.3,27.9,3.2,31932,24663,23758,265,60,216,39,110,215
"Bremer","Tequila",81558,5547,95.3,27.9,3.2,31932,24663,23758,265,60,216,39,110,215
"Bremer","Amaretto",6463,663,95.3,27.9,3.2,31932,24663,23758,265,60,216,39,110,215
"Bremer","Whisky",665938,47591,95.3,27.9,3.2,31932,24663,23758,265,60,216,39,110,215
"Bremer","Rum",317573,23389,95.3,27.9,3.2,31932,24663,23758,265,60,216,39,110,215
"Bremer","Distilled Spirits",7044,447,95.3,27.9,3.2,31932,24663,23758,265,60,216,39,110,215
"Bremer","Brandy",40976,3437,95.3,27.9,3.2,31932,24663,23758,265,60,216,39,110,215
"Buchanan","Gin",15637,1335,92.3,18,3.8,32409,21031,20519,72,76,104,0,83,177
"Buchanan","Rum",154716,11193,92.3,18,3.8,32409,21031,20519,72,76,104,0,83,177
"Buchanan","Whisky",392947,27337,92.3,18,3.8,32409,21031,20519,72,76,104,0,83,177
"Buchanan","Tequila",71130,5749,92.3,18,3.8,32409,21031,20519,72,76,104,0,83,177
"Buchanan","Vodka",196392,19334,92.3,18,3.8,32409,21031,20519,72,76,104,0,83,177
"Buchanan","Schnapps",63574,4549,92.3,18,3.8,32409,21031,20519,72,76,104,0,83,177
"Buchanan","Distilled Spirits",5107,313,92.3,18,3.8,32409,21031,20519,72,76,104,0,83,177
"Buchanan","Misc",84207,5055,92.3,18,3.8,32409,21031,20519,72,76,104,0,83,177
"Buchanan","Amaretto",4031,395,92.3,18,3.8,32409,21031,20519,72,76,104,0,83,177
"Buchanan","Brandy",18459,1594,92.3,18,3.8,32409,21031,20519,72,76,104,0,83,177
"Buena Vista","Brandy",124708,5731,78.2,18.7,4.5,26127,20445,16319,601,4,1724,224,1260,313
"Buena Vista","Tequila",121906,6446,78.2,18.7,4.5,26127,20445,16319,601,4,1724,224,1260,313
"Buena Vista","Rum",245103,18131,78.2,18.7,4.5,26127,20445,16319,601,4,1724,224,1260,313
"Buena Vista","Vodka",307204,29151,78.2,18.7,4.5,26127,20445,16319,601,4,1724,224,1260,313
"Buena Vista","Schnapps",60064,4643,78.2,18.7,4.5,26127,20445,16319,601,4,1724,224,1260,313
"Buena Vista","Gin",44777,3887,78.2,18.7,4.5,26127,20445,16319,601,4,1724,224,1260,313
"Buena Vista","Whisky",644457,44758,78.2,18.7,4.5,26127,20445,16319,601,4,1724,224,1260,313
"Buena Vista","Amaretto",5830,686,78.2,18.7,4.5,26127,20445,16319,601,4,1724,224,1260,313
"Buena Vista","Misc",130400,7939,78.2,18.7,4.5,26127,20445,16319,601,4,1724,224,1260,313
"Buena Vista","Distilled Spirits",5261,243,78.2,18.7,4.5,26127,20445,16319,601,4,1724,224,1260,313
"Butler","Vodka",59237,6862,91.9,15.7,3.2,31209,14933,14648,45,43,84,11,11,91
"Butler","Whisky",108734,9017,91.9,15.7,3.2,31209,14933,14648,45,43,84,11,11,91
"Butler","Rum",44311,3127,91.9,15.7,3.2,31209,14933,14648,45,43,84,11,11,91
"Butler","Misc",13189,752,91.9,15.7,3.2,31209,14933,14648,45,43,84,11,11,91
"Butler","Tequila",6110,434,91.9,15.7,3.2,31209,14933,14648,45,43,84,11,11,91
"Butler","Distilled Spirits",1343,86,91.9,15.7,3.2,31209,14933,14648,45,43,84,11,11,91
"Butler","Amaretto",381,60,91.9,15.7,3.2,31209,14933,14648,45,43,84,11,11,91
"Butler","Brandy",8452,772,91.9,15.7,3.2,31209,14933,14648,45,43,84,11,11,91
"Butler","Gin",3005,286,91.9,15.7,3.2,31209,14933,14648,45,43,84,11,11,91
"Butler","Schnapps",15711,1313,91.9,15.7,3.2,31209,14933,14648,45,43,84,11,11,91
"Calhoun","Gin",5530,537,92.2,18.4,2.7,26420,9876,9500,164,31,26,0,13,142
"Calhoun","Vodka",66698,7406,92.2,18.4,2.7,26420,9876,9500,164,31,26,0,13,142
"Calhoun","Misc",21560,1352,92.2,18.4,2.7,26420,9876,9500,164,31,26,0,13,142
"Calhoun","Whisky",141632,11525,92.2,18.4,2.7,26420,9876,9500,164,31,26,0,13,142
"Calhoun","Brandy",6569,586,92.2,18.4,2.7,26420,9876,9500,164,31,26,0,13,142
"Calhoun","Tequila",12594,704,92.2,18.4,2.7,26420,9876,9500,164,31,26,0,13,142
"Calhoun","Schnapps",13672,1119,92.2,18.4,2.7,26420,9876,9500,164,31,26,0,13,142
"Calhoun","Rum",63282,4524,92.2,18.4,2.7,26420,9876,9500,164,31,26,0,13,142
"Calhoun","Distilled Spirits",655,50,92.2,18.4,2.7,26420,9876,9500,164,31,26,0,13,142
"Calhoun","Amaretto",1837,268,92.2,18.4,2.7,26420,9876,9500,164,31,26,0,13,142
"Carroll","Tequila",78219,4717,92.9,21.4,2.6,31332,20555,19969,292,14,16,0,70,194
"Carroll","Amaretto",10059,1261,92.9,21.4,2.6,31332,20555,19969,292,14,16,0,70,194
"Carroll","Schnapps",84580,6250,92.9,21.4,2.6,31332,20555,19969,292,14,16,0,70,194
"Carroll","Gin",30384,2434,92.9,21.4,2.6,31332,20555,19969,292,14,16,0,70,194
"Carroll","Misc",163327,9255,92.9,21.4,2.6,31332,20555,19969,292,14,16,0,70,194
"Carroll","Whisky",951051,67419,92.9,21.4,2.6,31332,20555,19969,292,14,16,0,70,194
"Carroll","Vodka",379040,33719,92.9,21.4,2.6,31332,20555,19969,292,14,16,0,70,194
"Carroll","Rum",472691,33192,92.9,21.4,2.6,31332,20555,19969,292,14,16,0,70,194
"Carroll","Brandy",29430,2192,92.9,21.4,2.6,31332,20555,19969,292,14,16,0,70,194
"Carroll","Distilled Spirits",28018,3323,92.9,21.4,2.6,31332,20555,19969,292,14,16,0,70,194
"Cass","Whisky",493445,33527,90.3,19.8,3.3,27884,13433,13117,35,50,71,23,18,119
"Cass","Distilled Spirits",7075,332,90.3,19.8,3.3,27884,13433,13117,35,50,71,23,18,119
"Cass","Gin",22606,2026,90.3,19.8,3.3,27884,13433,13117,35,50,71,23,18,119
"Cass","Misc",107457,5889,90.3,19.8,3.3,27884,13433,13117,35,50,71,23,18,119
"Cass","Tequila",56317,3838,90.3,19.8,3.3,27884,13433,13117,35,50,71,23,18,119
"Cass","Schnapps",39139,3132,90.3,19.8,3.3,27884,13433,13117,35,50,71,23,18,119
"Cass","Brandy",16734,1384,90.3,19.8,3.3,27884,13433,13117,35,50,71,23,18,119
"Cass","Vodka",201690,20094,90.3,19.8,3.3,27884,13433,13117,35,50,71,23,18,119
"Cass","Rum",145327,10701,90.3,19.8,3.3,27884,13433,13117,35,50,71,23,18,119
"Cass","Amaretto",2959,298,90.3,19.8,3.3,27884,13433,13117,35,50,71,23,18,119
"Cedar","Misc",33772,2419,93.4,22,3.3,34919,18389,17852,108,27,149,0,57,196
"Cedar","Whisky",209160,15568,93.4,22,3.3,34919,18389,17852,108,27,149,0,57,196
"Cedar","Rum",66596,4828,93.4,22,3.3,34919,18389,17852,108,27,149,0,57,196
"Cedar","Brandy",9379,792,93.4,22,3.3,34919,18389,17852,108,27,149,0,57,196
"Cedar","Gin",13519,1400,93.4,22,3.3,34919,18389,17852,108,27,149,0,57,196
"Cedar","Vodka",103532,10527,93.4,22,3.3,34919,18389,17852,108,27,149,0,57,196
"Cedar","Amaretto",1739,192,93.4,22,3.3,34919,18389,17852,108,27,149,0,57,196
"Cedar","Schnapps",26425,2010,93.4,22,3.3,34919,18389,17852,108,27,149,0,57,196
"Cedar","Distilled Spirits",2242,142,93.4,22,3.3,34919,18389,17852,108,27,149,0,57,196
"Cedar","Tequila",15392,1011,93.4,22,3.3,34919,18389,17852,108,27,149,0,57,196
"Cerro Gordo","Misc",488281,31649,93.3,21.9,4.1,28930,43303,41093,682,118,488,0,229,693
"Cerro Gordo","Whisky",1904800,131745,93.3,21.9,4.1,28930,43303,41093,682,118,488,0,229,693
"Cerro Gordo","Distilled Spirits",22001,1140,93.3,21.9,4.1,28930,43303,41093,682,118,488,0,229,693
"Cerro Gordo","Gin",127047,9328,93.3,21.9,4.1,28930,43303,41093,682,118,488,0,229,693
"Cerro Gordo","Rum",759626,55669,93.3,21.9,4.1,28930,43303,41093,682,118,488,0,229,693
"Cerro Gordo","Brandy",158610,10723,93.3,21.9,4.1,28930,43303,41093,682,118,488,0,229,693
"Cerro Gordo","Schnapps",237926,17719,93.3,21.9,4.1,28930,43303,41093,682,118,488,0,229,693
"Cerro Gordo","Amaretto",23397,2395,93.3,21.9,4.1,28930,43303,41093,682,118,488,0,229,693
"Cerro Gordo","Vodka",1373412,129311,93.3,21.9,4.1,28930,43303,41093,682,118,488,0,229,693
"Cerro Gordo","Tequila",387144,26184,93.3,21.9,4.1,28930,43303,41093,682,118,488,0,229,693
"Cherokee","Whisky",312013,23201,90.6,19.2,3.2,30507,11752,11431,83,56,49,0,15,118
"Cherokee","Distilled Spirits",7574,800,90.6,19.2,3.2,30507,11752,11431,83,56,49,0,15,118
"Cherokee","Gin",18085,1522,90.6,19.2,3.2,30507,11752,11431,83,56,49,0,15,118
"Cherokee","Tequila",27513,1540,90.6,19.2,3.2,30507,11752,11431,83,56,49,0,15,118
"Cherokee","Misc",60994,4073,90.6,19.2,3.2,30507,11752,11431,83,56,49,0,15,118
"Cherokee","Brandy",20122,1600,90.6,19.2,3.2,30507,11752,11431,83,56,49,0,15,118
"Cherokee","Vodka",119897,12057,90.6,19.2,3.2,30507,11752,11431,83,56,49,0,15,118
"Cherokee","Rum",106449,7368,90.6,19.2,3.2,30507,11752,11431,83,56,49,0,15,118
"Cherokee","Amaretto",1932,244,90.6,19.2,3.2,30507,11752,11431,83,56,49,0,15,118
"Cherokee","Schnapps",37613,2697,90.6,19.2,3.2,30507,11752,11431,83,56,49,0,15,118
"Chickasaw","Whisky",141705,12347,90.3,14.5,3.2,31574,12164,11946,90,30,40,0,20,38
"Chickasaw","Vodka",65453,7753,90.3,14.5,3.2,31574,12164,11946,90,30,40,0,20,38
"Chickasaw","Brandy",12981,1240,90.3,14.5,3.2,31574,12164,11946,90,30,40,0,20,38
"Chickasaw","Gin",2857,296,90.3,14.5,3.2,31574,12164,11946,90,30,40,0,20,38
"Chickasaw","Schnapps",29407,2512,90.3,14.5,3.2,31574,12164,11946,90,30,40,0,20,38
"Chickasaw","Tequila",10289,580,90.3,14.5,3.2,31574,12164,11946,90,30,40,0,20,38
"Chickasaw","Misc",29044,1704,90.3,14.5,3.2,31574,12164,11946,90,30,40,0,20,38
"Chickasaw","Amaretto",1065,136,90.3,14.5,3.2,31574,12164,11946,90,30,40,0,20,38
"Chickasaw","Rum",66965,4660,90.3,14.5,3.2,31574,12164,11946,90,30,40,0,20,38
"Chickasaw","Distilled Spirits",1195,69,90.3,14.5,3.2,31574,12164,11946,90,30,40,0,20,38
"Clarke","Distilled Spirits",4041,188,90.7,15.4,4.6,30181,9273,8757,27,0,78,0,228,183
"Clarke","Gin",11361,1032,90.7,15.4,4.6,30181,9273,8757,27,0,78,0,228,183
"Clarke","Amaretto",2515,232,90.7,15.4,4.6,30181,9273,8757,27,0,78,0,228,183
"Clarke","Misc",44744,2710,90.7,15.4,4.6,30181,9273,8757,27,0,78,0,228,183
"Clarke","Tequila",35429,2364,90.7,15.4,4.6,30181,9273,8757,27,0,78,0,228,183
"Clarke","Vodka",111193,10985,90.7,15.4,4.6,30181,9273,8757,27,0,78,0,228,183
"Clarke","Rum",81336,5767,90.7,15.4,4.6,30181,9273,8757,27,0,78,0,228,183
"Clarke","Whisky",242221,15896,90.7,15.4,4.6,30181,9273,8757,27,0,78,0,228,183
"Clarke","Brandy",11978,839,90.7,15.4,4.6,30181,9273,8757,27,0,78,0,228,183
"Clarke","Schnapps",21248,1827,90.7,15.4,4.6,30181,9273,8757,27,0,78,0,228,183
"Clay","Schnapps",52938,3971,93.2,20.9,3.3,30109,16478,15770,73,8,30,13,209,375
"Clay","Whisky",603838,45611,93.2,20.9,3.3,30109,16478,15770,73,8,30,13,209,375
"Clay","Brandy",35834,2909,93.2,20.9,3.3,30109,16478,15770,73,8,30,13,209,375
"Clay","Amaretto",6765,719,93.2,20.9,3.3,30109,16478,15770,73,8,30,13,209,375
"Clay","Misc",124741,7817,93.2,20.9,3.3,30109,16478,15770,73,8,30,13,209,375
"Clay","Tequila",57827,3823,93.2,20.9,3.3,30109,16478,15770,73,8,30,13,209,375
"Clay","Vodka",306858,31782,93.2,20.9,3.3,30109,16478,15770,73,8,30,13,209,375
"Clay","Rum",214640,16640,93.2,20.9,3.3,30109,16478,15770,73,8,30,13,209,375
"Clay","Gin",36657,2963,93.2,20.9,3.3,30109,16478,15770,73,8,30,13,209,375
"Clay","Distilled Spirits",16864,1687,93.2,20.9,3.3,30109,16478,15770,73,8,30,13,209,375
"Clayton","Rum",107217,7236,91,15.3,4,29261,17735,17377,110,40,80,0,0,128
"Clayton","Misc",40901,2572,91,15.3,4,29261,17735,17377,110,40,80,0,0,128
"Clayton","Gin",9843,777,91,15.3,4,29261,17735,17377,110,40,80,0,0,128
"Clayton","Whisky",235163,16009,91,15.3,4,29261,17735,17377,110,40,80,0,0,128
"Clayton","Brandy",11290,1059,91,15.3,4,29261,17735,17377,110,40,80,0,0,128
"Clayton","Distilled Spirits",1568,73,91,15.3,4,29261,17735,17377,110,40,80,0,0,128
"Clayton","Schnapps",49716,3857,91,15.3,4,29261,17735,17377,110,40,80,0,0,128
"Clayton","Vodka",102703,11165,91,15.3,4,29261,17735,17377,110,40,80,0,0,128
"Clayton","Tequila",16162,972,91,15.3,4,29261,17735,17377,110,40,80,0,0,128
"Clayton","Amaretto",2019,273,91,15.3,4,29261,17735,17377,110,40,80,0,0,128
"Clinton","Vodka",755073,70954,91.6,19.4,4.6,30652,47972,45020,1284,125,313,0,183,1047
"Clinton","Brandy",154560,8056,91.6,19.4,4.6,30652,47972,45020,1284,125,313,0,183,1047
"Clinton","Whisky",938334,58739,91.6,19.4,4.6,30652,47972,45020,1284,125,313,0,183,1047
"Clinton","Tequila",232579,14901,91.6,19.4,4.6,30652,47972,45020,1284,125,313,0,183,1047
"Clinton","Distilled Spirits",14747,947,91.6,19.4,4.6,30652,47972,45020,1284,125,313,0,183,1047
"Clinton","Gin",73020,6678,91.6,19.4,4.6,30652,47972,45020,1284,125,313,0,183,1047
"Clinton","Misc",325744,21467,91.6,19.4,4.6,30652,47972,45020,1284,125,313,0,183,1047
"Clinton","Schnapps",262643,18827,91.6,19.4,4.6,30652,47972,45020,1284,125,313,0,183,1047
"Clinton","Amaretto",18127,2096,91.6,19.4,4.6,30652,47972,45020,1284,125,313,0,183,1047
"Clinton","Rum",504582,37396,91.6,19.4,4.6,30652,47972,45020,1284,125,313,0,183,1047
"Crawford","Brandy",30894,1968,78.5,11.7,5.7,28789,17147,15849,286,202,50,29,440,291
"Crawford","Whisky",511187,36844,78.5,11.7,5.7,28789,17147,15849,286,202,50,29,440,291
"Crawford","Schnapps",70670,5334,78.5,11.7,5.7,28789,17147,15849,286,202,50,29,440,291
"Crawford","Vodka",193570,18613,78.5,11.7,5.7,28789,17147,15849,286,202,50,29,440,291
"Crawford","Tequila",76357,3865,78.5,11.7,5.7,28789,17147,15849,286,202,50,29,440,291
"Crawford","Rum",210218,14900,78.5,11.7,5.7,28789,17147,15849,286,202,50,29,440,291
"Crawford","Distilled Spirits",11072,1272,78.5,11.7,5.7,28789,17147,15849,286,202,50,29,440,291
"Crawford","Misc",92697,5367,78.5,11.7,5.7,28789,17147,15849,286,202,50,29,440,291
"Crawford","Amaretto",5271,548,78.5,11.7,5.7,28789,17147,15849,286,202,50,29,440,291
"Crawford","Gin",18770,1631,78.5,11.7,5.7,28789,17147,15849,286,202,50,29,440,291
"Dallas","Rum",290915,20386,95.5,47.4,2.2,43120,78074,71336,912,38,2984,79,884,1841
"Dallas","Whisky",837213,49908,95.5,47.4,2.2,43120,78074,71336,912,38,2984,79,884,1841
"Dallas","Gin",53943,3787,95.5,47.4,2.2,43120,78074,71336,912,38,2984,79,884,1841
"Dallas","Misc",185121,11263,95.5,47.4,2.2,43120,78074,71336,912,38,2984,79,884,1841
"Dallas","Distilled Spirits",13625,603,95.5,47.4,2.2,43120,78074,71336,912,38,2984,79,884,1841
"Dallas","Vodka",582588,49915,95.5,47.4,2.2,43120,78074,71336,912,38,2984,79,884,1841
"Dallas","Brandy",34463,2446,95.5,47.4,2.2,43120,78074,71336,912,38,2984,79,884,1841
"Dallas","Schnapps",45283,3445,95.5,47.4,2.2,43120,78074,71336,912,38,2984,79,884,1841
"Dallas","Amaretto",5809,448,95.5,47.4,2.2,43120,78074,71336,912,38,2984,79,884,1841
"Dallas","Tequila",134630,9037,95.5,47.4,2.2,43120,78074,71336,912,38,2984,79,884,1841
"Davis","Misc",5413,439,86.7,16.6,4.1,28739,8768,8605,16,0,24,0,0,123
"Davis","Vodka",24550,2947,86.7,16.6,4.1,28739,8768,8605,16,0,24,0,0,123
"Davis","Tequila",2479,202,86.7,16.6,4.1,28739,8768,8605,16,0,24,0,0,123
"Davis","Gin",1335,147,86.7,16.6,4.1,28739,8768,8605,16,0,24,0,0,123
"Davis","Rum",12770,900,86.7,16.6,4.1,28739,8768,8605,16,0,24,0,0,123
"Davis","Brandy",2610,260,86.7,16.6,4.1,28739,8768,8605,16,0,24,0,0,123
"Davis","Amaretto",311,36,86.7,16.6,4.1,28739,8768,8605,16,0,24,0,0,123
"Davis","Schnapps",5075,427,86.7,16.6,4.1,28739,8768,8605,16,0,24,0,0,123
"Davis","Distilled Spirits",808,38,86.7,16.6,4.1,28739,8768,8605,16,0,24,0,0,123
"Davis","Whisky",38159,2533,86.7,16.6,4.1,28739,8768,8605,16,0,24,0,0,123
"Decatur","Rum",21841,1475,86.9,20.1,5.8,20577,8210,7815,163,37,43,18,21,113
"Decatur","Gin",2416,189,86.9,20.1,5.8,20577,8210,7815,163,37,43,18,21,113
"Decatur","Vodka",37757,3785,86.9,20.1,5.8,20577,8210,7815,163,37,43,18,21,113
"Decatur","Misc",10771,495,86.9,20.1,5.8,20577,8210,7815,163,37,43,18,21,113
"Decatur","Whisky",70751,4227,86.9,20.1,5.8,20577,8210,7815,163,37,43,18,21,113
"Decatur","Tequila",5673,317,86.9,20.1,5.8,20577,8210,7815,163,37,43,18,21,113
"Decatur","Amaretto",708,55,86.9,20.1,5.8,20577,8210,7815,163,37,43,18,21,113
"Decatur","Schnapps",11070,833,86.9,20.1,5.8,20577,8210,7815,163,37,43,18,21,113
"Decatur","Distilled Spirits",491,21,86.9,20.1,5.8,20577,8210,7815,163,37,43,18,21,113
"Decatur","Brandy",3901,249,86.9,20.1,5.8,20577,8210,7815,163,37,43,18,21,113
"Delaware","Brandy",18534,1300,90.7,15.1,3.4,31331,17445,17154,33,5,63,0,13,177
"Delaware","Vodka",146740,14422,90.7,15.1,3.4,31331,17445,17154,33,5,63,0,13,177
"Delaware","Whisky",377958,27042,90.7,15.1,3.4,31331,17445,17154,33,5,63,0,13,177
"Delaware","Gin",13660,1037,90.7,15.1,3.4,31331,17445,17154,33,5,63,0,13,177
"Delaware","Rum",148740,9887,90.7,15.1,3.4,31331,17445,17154,33,5,63,0,13,177
"Delaware","Amaretto",2598,248,90.7,15.1,3.4,31331,17445,17154,33,5,63,0,13,177
"Delaware","Schnapps",61342,4508,90.7,15.1,3.4,31331,17445,17154,33,5,63,0,13,177
"Delaware","Distilled Spirits",3157,214,90.7,15.1,3.4,31331,17445,17154,33,5,63,0,13,177
"Delaware","Tequila",37682,2592,90.7,15.1,3.4,31331,17445,17154,33,5,63,0,13,177
"Delaware","Misc",75640,4273,90.7,15.1,3.4,31331,17445,17154,33,5,63,0,13,177
"Des Moines","Distilled Spirits",27809,2128,92.2,19.6,5.7,26580,40114,36446,2239,68,179,0,92,1090
"Des Moines","Gin",85675,6991,92.2,19.6,5.7,26580,40114,36446,2239,68,179,0,92,1090
"Des Moines","Misc",271480,15114,92.2,19.6,5.7,26580,40114,36446,2239,68,179,0,92,1090
"Des Moines","Brandy",262735,11035,92.2,19.6,5.7,26580,40114,36446,2239,68,179,0,92,1090
"Des Moines","Vodka",904903,77026,92.2,19.6,5.7,26580,40114,36446,2239,68,179,0,92,1090
"Des Moines","Rum",423190,29840,92.2,19.6,5.7,26580,40114,36446,2239,68,179,0,92,1090
"Des Moines","Tequila",174684,9720,92.2,19.6,5.7,26580,40114,36446,2239,68,179,0,92,1090
"Des Moines","Schnapps",159576,12630,92.2,19.6,5.7,26580,40114,36446,2239,68,179,0,92,1090
"Des Moines","Whisky",1089954,64929,92.2,19.6,5.7,26580,40114,36446,2239,68,179,0,92,1090
"Des Moines","Amaretto",11897,1144,92.2,19.6,5.7,26580,40114,36446,2239,68,179,0,92,1090
"Dickinson","Vodka",879700,78907,95.6,29,3.4,31194,17046,16622,62,42,51,16,57,196
"Dickinson","Misc",335294,20304,95.6,29,3.4,31194,17046,16622,62,42,51,16,57,196
"Dickinson","Rum",672140,47477,95.6,29,3.4,31194,17046,16622,62,42,51,16,57,196
"Dickinson","Tequila",200112,13321,95.6,29,3.4,31194,17046,16622,62,42,51,16,57,196
"Dickinson","Distilled Spirits",28309,3111,95.6,29,3.4,31194,17046,16622,62,42,51,16,57,196
"Dickinson","Gin",115542,8356,95.6,29,3.4,31194,17046,16622,62,42,51,16,57,196
"Dickinson","Schnapps",190200,12837,95.6,29,3.4,31194,17046,16622,62,42,51,16,57,196
"Dickinson","Brandy",51160,3720,95.6,29,3.4,31194,17046,16622,62,42,51,16,57,196
"Dickinson","Amaretto",11002,1268,95.6,29,3.4,31194,17046,16622,62,42,51,16,57,196
"Dickinson","Whisky",1280749,86572,95.6,29,3.4,31194,17046,16622,62,42,51,16,57,196
"Dubuque","Whisky",2665411,169078,92.3,29.2,4,30044,96359,89975,2571,48,1230,338,290,1907
"Dubuque","Rum",1244959,86793,92.3,29.2,4,30044,96359,89975,2571,48,1230,338,290,1907
"Dubuque","Tequila",396923,22515,92.3,29.2,4,30044,96359,89975,2571,48,1230,338,290,1907
"Dubuque","Misc",693468,41572,92.3,29.2,4,30044,96359,89975,2571,48,1230,338,290,1907
"Dubuque","Distilled Spirits",56589,6568,92.3,29.2,4,30044,96359,89975,2571,48,1230,338,290,1907
"Dubuque","Brandy",405281,19509,92.3,29.2,4,30044,96359,89975,2571,48,1230,338,290,1907
"Dubuque","Gin",213859,16388,92.3,29.2,4,30044,96359,89975,2571,48,1230,338,290,1907
"Dubuque","Schnapps",404441,28591,92.3,29.2,4,30044,96359,89975,2571,48,1230,338,290,1907
"Dubuque","Vodka",1976563,169825,92.3,29.2,4,30044,96359,89975,2571,48,1230,338,290,1907
"Dubuque","Amaretto",38446,3771,92.3,29.2,4,30044,96359,89975,2571,48,1230,338,290,1907
"Emmet","Amaretto",2224,255,89.6,17.5,5.3,26767,9820,9443,141,46,30,11,55,94
"Emmet","Gin",8226,816,89.6,17.5,5.3,26767,9820,9443,141,46,30,11,55,94
"Emmet","Misc",49332,2989,89.6,17.5,5.3,26767,9820,9443,141,46,30,11,55,94
"Emmet","Whisky",230789,17030,89.6,17.5,5.3,26767,9820,9443,141,46,30,11,55,94
"Emmet","Distilled Spirits",3965,178,89.6,17.5,5.3,26767,9820,9443,141,46,30,11,55,94
"Emmet","Tequila",28145,1495,89.6,17.5,5.3,26767,9820,9443,141,46,30,11,55,94
"Emmet","Vodka",126833,14070,89.6,17.5,5.3,26767,9820,9443,141,46,30,11,55,94
"Emmet","Brandy",11895,862,89.6,17.5,5.3,26767,9820,9443,141,46,30,11,55,94
"Emmet","Rum",121294,8930,89.6,17.5,5.3,26767,9820,9443,141,46,30,11,55,94
"Emmet","Schnapps",26548,2053,89.6,17.5,5.3,26767,9820,9443,141,46,30,11,55,94
"Fayette","Whisky",473437,35844,89.8,19.6,4.3,26288,20391,19497,270,109,154,0,66,295
"Fayette","Distilled Spirits",3499,166,89.8,19.6,4.3,26288,20391,19497,270,109,154,0,66,295
"Fayette","Schnapps",84803,6972,89.8,19.6,4.3,26288,20391,19497,270,109,154,0,66,295
"Fayette","Rum",163182,12221,89.8,19.6,4.3,26288,20391,19497,270,109,154,0,66,295
"Fayette","Gin",14969,1482,89.8,19.6,4.3,26288,20391,19497,270,109,154,0,66,295
"Fayette","Vodka",217891,23777,89.8,19.6,4.3,26288,20391,19497,270,109,154,0,66,295
"Fayette","Misc",80715,5071,89.8,19.6,4.3,26288,20391,19497,270,109,154,0,66,295
"Fayette","Brandy",25727,1950,89.8,19.6,4.3,26288,20391,19497,270,109,154,0,66,295
"Fayette","Tequila",50356,3391,89.8,19.6,4.3,26288,20391,19497,270,109,154,0,66,295
"Fayette","Amaretto",4719,595,89.8,19.6,4.3,26288,20391,19497,270,109,154,0,66,295
"Floyd","Tequila",52311,3243,89,19.7,3.5,27429,16004,15163,272,66,263,2,43,195
"Floyd","Vodka",213086,21397,89,19.7,3.5,27429,16004,15163,272,66,263,2,43,195
"Floyd","Rum",159656,11126,89,19.7,3.5,27429,16004,15163,272,66,263,2,43,195
"Floyd","Amaretto",5709,687,89,19.7,3.5,27429,16004,15163,272,66,263,2,43,195
"Floyd","Misc",96878,5530,89,19.7,3.5,27429,16004,15163,272,66,263,2,43,195
"Floyd","Whisky",403486,28639,89,19.7,3.5,27429,16004,15163,272,66,263,2,43,195
"Floyd","Schnapps",78121,6109,89,19.7,3.5,27429,16004,15163,272,66,263,2,43,195
"Floyd","Brandy",58143,3072,89,19.7,3.5,27429,16004,15163,272,66,263,2,43,195
"Floyd","Gin",18606,1605,89,19.7,3.5,27429,16004,15163,272,66,263,2,43,195
"Floyd","Distilled Spirits",4856,218,89,19.7,3.5,27429,16004,15163,272,66,263,2,43,195
"Franklin","Rum",66916,5072,88.6,16.7,5.4,30289,10393,9591,139,8,24,0,510,121
"Franklin","Gin",7585,672,88.6,16.7,5.4,30289,10393,9591,139,8,24,0,510,121
"Franklin","Vodka",88030,9470,88.6,16.7,5.4,30289,10393,9591,139,8,24,0,510,121
"Franklin","Misc",43158,2453,88.6,16.7,5.4,30289,10393,9591,139,8,24,0,510,121
"Franklin","Brandy",16182,1397,88.6,16.7,5.4,30289,10393,9591,139,8,24,0,510,121
"Franklin","Tequila",35667,1747,88.6,16.7,5.4,30289,10393,9591,139,8,24,0,510,121
"Franklin","Amaretto",1595,206,88.6,16.7,5.4,30289,10393,9591,139,8,24,0,510,121
"Franklin","Distilled Spirits",2286,128,88.6,16.7,5.4,30289,10393,9591,139,8,24,0,510,121
"Franklin","Whisky",198406,15103,88.6,16.7,5.4,30289,10393,9591,139,8,24,0,510,121
"Franklin","Schnapps",25253,2069,88.6,16.7,5.4,30289,10393,9591,139,8,24,0,510,121
"Fremont","Rum",5883,317,92.1,21.4,3.9,32643,7019,6765,41,50,0,0,83,80
"Fremont","Whisky",11133,670,92.1,21.4,3.9,32643,7019,6765,41,50,0,0,83,80
"Fremont","Gin",164,10,92.1,21.4,3.9,32643,7019,6765,41,50,0,0,83,80
"Fremont","Vodka",4383,425,92.1,21.4,3.9,32643,7019,6765,41,50,0,0,83,80
"Fremont","Misc",1241,51,92.1,21.4,3.9,32643,7019,6765,41,50,0,0,83,80
"Fremont","Brandy",133,8,92.1,21.4,3.9,32643,7019,6765,41,50,0,0,83,80
"Fremont","Tequila",679,33,92.1,21.4,3.9,32643,7019,6765,41,50,0,0,83,80
"Fremont","Schnapps",652,35,92.1,21.4,3.9,32643,7019,6765,41,50,0,0,83,80
"Fremont","Distilled Spirits",761,36,92.1,21.4,3.9,32643,7019,6765,41,50,0,0,83,80
"Fremont","Amaretto",24,4,92.1,21.4,3.9,32643,7019,6765,41,50,0,0,83,80
"Greene","Misc",31483,1960,92.8,18,5.8,26795,9083,8887,14,16,44,5,0,117
"Greene","Rum",74556,5420,92.8,18,5.8,26795,9083,8887,14,16,44,5,0,117
"Greene","Tequila",17545,1227,92.8,18,5.8,26795,9083,8887,14,16,44,5,0,117
"Greene","Vodka",80745,7886,92.8,18,5.8,26795,9083,8887,14,16,44,5,0,117
"Greene","Distilled Spirits",2480,107,92.8,18,5.8,26795,9083,8887,14,16,44,5,0,117
"Greene","Gin",8390,647,92.8,18,5.8,26795,9083,8887,14,16,44,5,0,117
"Greene","Brandy",4434,327,92.8,18,5.8,26795,9083,8887,14,16,44,5,0,117
"Greene","Whisky",162321,10953,92.8,18,5.8,26795,9083,8887,14,16,44,5,0,117
"Greene","Schnapps",16665,1200,92.8,18,5.8,26795,9083,8887,14,16,44,5,0,117
"Greene","Amaretto",1739,185,92.8,18,5.8,26795,9083,8887,14,16,44,5,0,117
"Grundy","Tequila",6561,427,95.4,25.1,3.8,36396,12373,12169,42,4,77,0,8,73
"Grundy","Gin",4100,351,95.4,25.1,3.8,36396,12373,12169,42,4,77,0,8,73
"Grundy","Whisky",120550,9608,95.4,25.1,3.8,36396,12373,12169,42,4,77,0,8,73
"Grundy","Brandy",4924,404,95.4,25.1,3.8,36396,12373,12169,42,4,77,0,8,73
"Grundy","Schnapps",14953,1025,95.4,25.1,3.8,36396,12373,12169,42,4,77,0,8,73
"Grundy","Vodka",72358,8113,95.4,25.1,3.8,36396,12373,12169,42,4,77,0,8,73
"Grundy","Distilled Spirits",2176,96,95.4,25.1,3.8,36396,12373,12169,42,4,77,0,8,73
"Grundy","Rum",53069,3627,95.4,25.1,3.8,36396,12373,12169,42,4,77,0,8,73
"Grundy","Misc",16119,1030,95.4,25.1,3.8,36396,12373,12169,42,4,77,0,8,73
"Grundy","Amaretto",1005,125,95.4,25.1,3.8,36396,12373,12169,42,4,77,0,8,73
"Guthrie","Whisky",197077,14063,92.1,20.5,3.3,31155,10691,10418,26,31,7,0,68,141
"Guthrie","Misc",32032,2010,92.1,20.5,3.3,31155,10691,10418,26,31,7,0,68,141
"Guthrie","Brandy",8664,736,92.1,20.5,3.3,31155,10691,10418,26,31,7,0,68,141
"Guthrie","Gin",9886,901,92.1,20.5,3.3,31155,10691,10418,26,31,7,0,68,141
"Guthrie","Rum",56550,3986,92.1,20.5,3.3,31155,10691,10418,26,31,7,0,68,141
"Guthrie","Vodka",107500,10216,92.1,20.5,3.3,31155,10691,10418,26,31,7,0,68,141
"Guthrie","Amaretto",823,77,92.1,20.5,3.3,31155,10691,10418,26,31,7,0,68,141
"Guthrie","Schnapps",13402,1173,92.1,20.5,3.3,31155,10691,10418,26,31,7,0,68,141
"Guthrie","Distilled Spirits",3478,157,92.1,20.5,3.3,31155,10691,10418,26,31,7,0,68,141
"Guthrie","Tequila",20739,1501,92.1,20.5,3.3,31155,10691,10418,26,31,7,0,68,141
"Hamilton","Misc",63166,4315,92.2,22,3,32408,15227,14213,97,0,387,0,369,161
"Hamilton","Rum",114379,8383,92.2,22,3,32408,15227,14213,97,0,387,0,369,161
"Hamilton","Vodka",176283,19101,92.2,22,3,32408,15227,14213,97,0,387,0,369,161
"Hamilton","Tequila",40711,2702,92.2,22,3,32408,15227,14213,97,0,387,0,369,161
"Hamilton","Distilled Spirits",3431,178,92.2,22,3,32408,15227,14213,97,0,387,0,369,161
"Hamilton","Brandy",32921,1999,92.2,22,3,32408,15227,14213,97,0,387,0,369,161
"Hamilton","Gin",14333,1313,92.2,22,3,32408,15227,14213,97,0,387,0,369,161
"Hamilton","Whisky",325369,24414,92.2,22,3,32408,15227,14213,97,0,387,0,369,161
"Hamilton","Schnapps",33180,2549,92.2,22,3,32408,15227,14213,97,0,387,0,369,161
"Hamilton","Amaretto",2420,281,92.2,22,3,32408,15227,14213,97,0,387,0,369,161
"Hancock","Rum",47115,3334,92.7,19.9,1.8,31848,11006,10661,86,19,40,9,34,157
"Hancock","Gin",3281,312,92.7,19.9,1.8,31848,11006,10661,86,19,40,9,34,157
"Hancock","Vodka",62175,7157,92.7,19.9,1.8,31848,11006,10661,86,19,40,9,34,157
"Hancock","Misc",15210,1065,92.7,19.9,1.8,31848,11006,10661,86,19,40,9,34,157
"Hancock","Whisky",118144,10089,92.7,19.9,1.8,31848,11006,10661,86,19,40,9,34,157
"Hancock","Tequila",10737,776,92.7,19.9,1.8,31848,11006,10661,86,19,40,9,34,157
"Hancock","Amaretto",1144,98,92.7,19.9,1.8,31848,11006,10661,86,19,40,9,34,157
"Hancock","Schnapps",13356,1247,92.7,19.9,1.8,31848,11006,10661,86,19,40,9,34,157
"Hancock","Brandy",7079,642,92.7,19.9,1.8,31848,11006,10661,86,19,40,9,34,157
"Hancock","Distilled Spirits",1086,49,92.7,19.9,1.8,31848,11006,10661,86,19,40,9,34,157
"Hardin","Whisky",536201,36671,91.7,20.4,3.4,30218,17324,16615,215,35,118,0,120,221
"Hardin","Rum",192917,13619,91.7,20.4,3.4,30218,17324,16615,215,35,118,0,120,221
"Hardin","Amaretto",6227,675,91.7,20.4,3.4,30218,17324,16615,215,35,118,0,120,221
"Hardin","Schnapps",52218,3899,91.7,20.4,3.4,30218,17324,16615,215,35,118,0,120,221
"Hardin","Vodka",265031,27389,91.7,20.4,3.4,30218,17324,16615,215,35,118,0,120,221
"Hardin","Tequila",54986,3693,91.7,20.4,3.4,30218,17324,16615,215,35,118,0,120,221
"Hardin","Misc",97965,5777,91.7,20.4,3.4,30218,17324,16615,215,35,118,0,120,221
"Hardin","Gin",28837,2382,91.7,20.4,3.4,30218,17324,16615,215,35,118,0,120,221
"Hardin","Brandy",22558,1657,91.7,20.4,3.4,30218,17324,16615,215,35,118,0,120,221
"Hardin","Distilled Spirits",8732,730,91.7,20.4,3.4,30218,17324,16615,215,35,118,0,120,221
"Harrison","Misc",38385,2413,91,17.4,2.8,32019,14335,13978,7,66,44,7,35,198
"Harrison","Whisky",191314,12804,91,17.4,2.8,32019,14335,13978,7,66,44,7,35,198
"Harrison","Brandy",6310,544,91,17.4,2.8,32019,14335,13978,7,66,44,7,35,198
"Harrison","Schnapps",27755,2424,91,17.4,2.8,32019,14335,13978,7,66,44,7,35,198
"Harrison","Rum",80717,6053,91,17.4,2.8,32019,14335,13978,7,66,44,7,35,198
"Harrison","Distilled Spirits",2910,154,91,17.4,2.8,32019,14335,13978,7,66,44,7,35,198
"Harrison","Vodka",78350,7947,91,17.4,2.8,32019,14335,13978,7,66,44,7,35,198
"Harrison","Gin",5729,547,91,17.4,2.8,32019,14335,13978,7,66,44,7,35,198
"Harrison","Amaretto",1108,124,91,17.4,2.8,32019,14335,13978,7,66,44,7,35,198
"Harrison","Tequila",22122,1547,91,17.4,2.8,32019,14335,13978,7,66,44,7,35,198
"Henry","Whisky",391370,24298,92,18.8,4.9,29894,19941,18325,419,58,528,11,246,354
"Henry","Tequila",47377,3100,92,18.8,4.9,29894,19941,18325,419,58,528,11,246,354
"Henry","Schnapps",52435,3928,92,18.8,4.9,29894,19941,18325,419,58,528,11,246,354
"Henry","Vodka",232506,21220,92,18.8,4.9,29894,19941,18325,419,58,528,11,246,354
"Henry","Brandy",39222,2340,92,18.8,4.9,29894,19941,18325,419,58,528,11,246,354
"Henry","Amaretto",2498,293,92,18.8,4.9,29894,19941,18325,419,58,528,11,246,354
"Henry","Rum",132003,9054,92,18.8,4.9,29894,19941,18325,419,58,528,11,246,354
"Henry","Misc",99507,5203,92,18.8,4.9,29894,19941,18325,419,58,528,11,246,354
"Henry","Gin",24161,2116,92,18.8,4.9,29894,19941,18325,419,58,528,11,246,354
"Henry","Distilled Spirits",8180,354,92,18.8,4.9,29894,19941,18325,419,58,528,11,246,354
"Howard","Brandy",31322,2852,88.9,13.2,3.7,29845,9430,9271,31,0,24,0,13,91
"Howard","Rum",137195,9755,88.9,13.2,3.7,29845,9430,9271,31,0,24,0,13,91
"Howard","Tequila",27531,1780,88.9,13.2,3.7,29845,9430,9271,31,0,24,0,13,91
"Howard","Misc",65745,3818,88.9,13.2,3.7,29845,9430,9271,31,0,24,0,13,91
"Howard","Vodka",141754,15683,88.9,13.2,3.7,29845,9430,9271,31,0,24,0,13,91
"Howard","Schnapps",76859,6029,88.9,13.2,3.7,29845,9430,9271,31,0,24,0,13,91
"Howard","Gin",11934,965,88.9,13.2,3.7,29845,9430,9271,31,0,24,0,13,91
"Howard","Distilled Spirits",1727,81,88.9,13.2,3.7,29845,9430,9271,31,0,24,0,13,91
"Howard","Whisky",250703,18694,88.9,13.2,3.7,29845,9430,9271,31,0,24,0,13,91
"Howard","Amaretto",2637,303,88.9,13.2,3.7,29845,9430,9271,31,0,24,0,13,91
"Humboldt","Vodka",121886,12742,93.1,19.9,3.9,30527,9607,9416,15,19,28,0,4,125
"Humboldt","Amaretto",3304,374,93.1,19.9,3.9,30527,9607,9416,15,19,28,0,4,125
"Humboldt","Schnapps",27901,1897,93.1,19.9,3.9,30527,9607,9416,15,19,28,0,4,125
"Humboldt","Gin",7877,720,93.1,19.9,3.9,30527,9607,9416,15,19,28,0,4,125
"Humboldt","Misc",53489,3511,93.1,19.9,3.9,30527,9607,9416,15,19,28,0,4,125
"Humboldt","Tequila",29102,2016,93.1,19.9,3.9,30527,9607,9416,15,19,28,0,4,125
"Humboldt","Whisky",260933,19343,93.1,19.9,3.9,30527,9607,9416,15,19,28,0,4,125
"Humboldt","Rum",103578,7459,93.1,19.9,3.9,30527,9607,9416,15,19,28,0,4,125
"Humboldt","Distilled Spirits",2725,124,93.1,19.9,3.9,30527,9607,9416,15,19,28,0,4,125
"Humboldt","Brandy",13430,1197,93.1,19.9,3.9,30527,9607,9416,15,19,28,0,4,125
"Ida","Vodka",70136,6992,93.3,19,3.6,29776,7041,6885,6,56,22,0,21,51
"Ida","Misc",36320,1900,93.3,19,3.6,29776,7041,6885,6,56,22,0,21,51
"Ida","Brandy",8360,720,93.3,19,3.6,29776,7041,6885,6,56,22,0,21,51
"Ida","Tequila",14845,818,93.3,19,3.6,29776,7041,6885,6,56,22,0,21,51
"Ida","Schnapps",28467,2122,93.3,19,3.6,29776,7041,6885,6,56,22,0,21,51
"Ida","Whisky",224072,15710,93.3,19,3.6,29776,7041,6885,6,56,22,0,21,51
"Ida","Distilled Spirits",1335,67,93.3,19,3.6,29776,7041,6885,6,56,22,0,21,51
"Ida","Gin",10263,897,93.3,19,3.6,29776,7041,6885,6,56,22,0,21,51
"Ida","Rum",79841,5452,93.3,19,3.6,29776,7041,6885,6,56,22,0,21,51
"Ida","Amaretto",1895,248,93.3,19,3.6,29776,7041,6885,6,56,22,0,21,51
"Iowa","Tequila",18281,1386,92.1,18.6,1.8,31660,16326,15972,105,8,26,10,49,156
"Iowa","Whisky",260797,20105,92.1,18.6,1.8,31660,16326,15972,105,8,26,10,49,156
"Iowa","Rum",76899,6163,92.1,18.6,1.8,31660,16326,15972,105,8,26,10,49,156
"Iowa","Distilled Spirits",2298,123,92.1,18.6,1.8,31660,16326,15972,105,8,26,10,49,156
"Iowa","Vodka",134843,14850,92.1,18.6,1.8,31660,16326,15972,105,8,26,10,49,156
"Iowa","Brandy",14560,1324,92.1,18.6,1.8,31660,16326,15972,105,8,26,10,49,156
"Iowa","Amaretto",2198,274,92.1,18.6,1.8,31660,16326,15972,105,8,26,10,49,156
"Iowa","Schnapps",39788,3513,92.1,18.6,1.8,31660,16326,15972,105,8,26,10,49,156
"Iowa","Misc",36873,2658,92.1,18.6,1.8,31660,16326,15972,105,8,26,10,49,156
"Iowa","Gin",8470,739,92.1,18.6,1.8,31660,16326,15972,105,8,26,10,49,156
"Jackson","Whisky",463208,33861,91.2,16.5,4.8,30949,19529,18947,70,15,78,120,33,266
"Jackson","Gin",17890,1584,91.2,16.5,4.8,30949,19529,18947,70,15,78,120,33,266
"Jackson","Misc",95635,6045,91.2,16.5,4.8,30949,19529,18947,70,15,78,120,33,266
"Jackson","Tequila",37510,2500,91.2,16.5,4.8,30949,19529,18947,70,15,78,120,33,266
"Jackson","Brandy",22715,1916,91.2,16.5,4.8,30949,19529,18947,70,15,78,120,33,266
"Jackson","Amaretto",5686,754,91.2,16.5,4.8,30949,19529,18947,70,15,78,120,33,266
"Jackson","Schnapps",102001,7738,91.2,16.5,4.8,30949,19529,18947,70,15,78,120,33,266
"Jackson","Rum",188039,12474,91.2,16.5,4.8,30949,19529,18947,70,15,78,120,33,266
"Jackson","Distilled Spirits",3018,136,91.2,16.5,4.8,30949,19529,18947,70,15,78,120,33,266
"Jackson","Vodka",208075,21046,91.2,16.5,4.8,30949,19529,18947,70,15,78,120,33,266
"Jasper","Misc",149406,8923,92.4,17.9,4.9,30841,36715,35174,550,71,191,41,74,614
"Jasper","Tequila",97579,6677,92.4,17.9,4.9,30841,36715,35174,550,71,191,41,74,614
"Jasper","Rum",253878,19340,92.4,17.9,4.9,30841,36715,35174,550,71,191,41,74,614
"Jasper","Whisky",663642,44416,92.4,17.9,4.9,30841,36715,35174,550,71,191,41,74,614
"Jasper","Distilled Spirits",22410,1417,92.4,17.9,4.9,30841,36715,35174,550,71,191,41,74,614
"Jasper","Brandy",50335,2949,92.4,17.9,4.9,30841,36715,35174,550,71,191,41,74,614
"Jasper","Gin",33405,2898,92.4,17.9,4.9,30841,36715,35174,550,71,191,41,74,614
"Jasper","Vodka",390391,39259,92.4,17.9,4.9,30841,36715,35174,550,71,191,41,74,614
"Jasper","Amaretto",8886,1139,92.4,17.9,4.9,30841,36715,35174,550,71,191,41,74,614
"Jasper","Schnapps",59396,4886,92.4,17.9,4.9,30841,36715,35174,550,71,191,41,74,614
"Jefferson","Amaretto",3710,360,94.9,33.1,6.6,25128,17662,14839,1011,2,825,0,423,562
"Jefferson","Misc",71499,4118,94.9,33.1,6.6,25128,17662,14839,1011,2,825,0,423,562
"Jefferson","Tequila",45192,2406,94.9,33.1,6.6,25128,17662,14839,1011,2,825,0,423,562
"Jefferson","Vodka",178949,16470,94.9,33.1,6.6,25128,17662,14839,1011,2,825,0,423,562
"Jefferson","Whisky",307302,17641,94.9,33.1,6.6,25128,17662,14839,1011,2,825,0,423,562
"Jefferson","Distilled Spirits",5203,234,94.9,33.1,6.6,25128,17662,14839,1011,2,825,0,423,562
"Jefferson","Gin",21218,1556,94.9,33.1,6.6,25128,17662,14839,1011,2,825,0,423,562
"Jefferson","Schnapps",31685,2481,94.9,33.1,6.6,25128,17662,14839,1011,2,825,0,423,562
"Jefferson","Brandy",17039,1102,94.9,33.1,6.6,25128,17662,14839,1011,2,825,0,423,562
"Jefferson","Rum",125181,9091,94.9,33.1,6.6,25128,17662,14839,1011,2,825,0,423,562
"Johnson","Brandy",617356,26245,94.7,52.4,3.2,28190,142006,118240,8666,199,8737,151,2996,3017
"Johnson","Distilled Spirits",54407,3886,94.7,52.4,3.2,28190,142006,118240,8666,199,8737,151,2996,3017
"Johnson","Gin",683322,45391,94.7,52.4,3.2,28190,142006,118240,8666,199,8737,151,2996,3017
"Johnson","Misc",1447085,82560,94.7,52.4,3.2,28190,142006,118240,8666,199,8737,151,2996,3017
"Johnson","Tequila",1164141,67061,94.7,52.4,3.2,28190,142006,118240,8666,199,8737,151,2996,3017
"Johnson","Rum",1827454,131848,94.7,52.4,3.2,28190,142006,118240,8666,199,8737,151,2996,3017
"Johnson","Vodka",4432845,347672,94.7,52.4,3.2,28190,142006,118240,8666,199,8737,151,2996,3017
"Johnson","Whisky",5456686,274111,94.7,52.4,3.2,28190,142006,118240,8666,199,8737,151,2996,3017
"Johnson","Amaretto",52411,3982,94.7,52.4,3.2,28190,142006,118240,8666,199,8737,151,2996,3017
"Johnson","Schnapps",515505,36520,94.7,52.4,3.2,28190,142006,118240,8666,199,8737,151,2996,3017
"Jones","Whisky",422302,32952,92.1,16.7,4.5,31388,20481,19578,431,124,104,0,49,195
"Jones","Brandy",22259,1882,92.1,16.7,4.5,31388,20481,19578,431,124,104,0,49,195
"Jones","Gin",13987,1212,92.1,16.7,4.5,31388,20481,19578,431,124,104,0,49,195
"Jones","Misc",97127,6125,92.1,16.7,4.5,31388,20481,19578,431,124,104,0,49,195
"Jones","Distilled Spirits",4413,270,92.1,16.7,4.5,31388,20481,19578,431,124,104,0,49,195
"Jones","Tequila",39266,2823,92.1,16.7,4.5,31388,20481,19578,431,124,104,0,49,195
"Jones","Vodka",235494,25652,92.1,16.7,4.5,31388,20481,19578,431,124,104,0,49,195
"Jones","Rum",179294,12795,92.1,16.7,4.5,31388,20481,19578,431,124,104,0,49,195
"Jones","Amaretto",3222,401,92.1,16.7,4.5,31388,20481,19578,431,124,104,0,49,195
"Jones","Schnapps",67893,5641,92.1,16.7,4.5,31388,20481,19578,431,124,104,0,49,195
"Keokuk","Brandy",4132,387,91.3,17,5.5,30379,10234,10026,1,7,51,7,35,107
"Keokuk","Rum",19888,1603,91.3,17,5.5,30379,10234,10026,1,7,51,7,35,107
"Keokuk","Whisky",56126,4381,91.3,17,5.5,30379,10234,10026,1,7,51,7,35,107
"Keokuk","Gin",2400,240,91.3,17,5.5,30379,10234,10026,1,7,51,7,35,107
"Keokuk","Vodka",25958,3276,91.3,17,5.5,30379,10234,10026,1,7,51,7,35,107
"Keokuk","Misc",10765,644,91.3,17,5.5,30379,10234,10026,1,7,51,7,35,107
"Keokuk","Amaretto",616,83,91.3,17,5.5,30379,10234,10026,1,7,51,7,35,107
"Keokuk","Schnapps",13145,1181,91.3,17,5.5,30379,10234,10026,1,7,51,7,35,107
"Keokuk","Distilled Spirits",312,15,91.3,17,5.5,30379,10234,10026,1,7,51,7,35,107
"Keokuk","Tequila",5027,439,91.3,17,5.5,30379,10234,10026,1,7,51,7,35,107
"Kossuth","Brandy",33421,2782,94.3,19.5,1.8,30793,15226,14818,69,27,87,0,79,146
"Kossuth","Vodka",258291,23897,94.3,19.5,1.8,30793,15226,14818,69,27,87,0,79,146
"Kossuth","Distilled Spirits",9157,698,94.3,19.5,1.8,30793,15226,14818,69,27,87,0,79,146
"Kossuth","Rum",262215,18554,94.3,19.5,1.8,30793,15226,14818,69,27,87,0,79,146
"Kossuth","Whisky",660384,47978,94.3,19.5,1.8,30793,15226,14818,69,27,87,0,79,146
"Kossuth","Tequila",60968,3940,94.3,19.5,1.8,30793,15226,14818,69,27,87,0,79,146
"Kossuth","Gin",22472,1766,94.3,19.5,1.8,30793,15226,14818,69,27,87,0,79,146
"Kossuth","Misc",138565,7885,94.3,19.5,1.8,30793,15226,14818,69,27,87,0,79,146
"Kossuth","Schnapps",86413,6490,94.3,19.5,1.8,30793,15226,14818,69,27,87,0,79,146
"Kossuth","Amaretto",6632,761,94.3,19.5,1.8,30793,15226,14818,69,27,87,0,79,146
"Lee","Rum",459113,32823,91.8,14.6,7.9,27804,35172,32906,907,48,133,0,185,993
"Lee","Whisky",1216591,71385,91.8,14.6,7.9,27804,35172,32906,907,48,133,0,185,993
"Lee","Tequila",188375,10261,91.8,14.6,7.9,27804,35172,32906,907,48,133,0,185,993
"Lee","Schnapps",250612,18519,91.8,14.6,7.9,27804,35172,32906,907,48,133,0,185,993
"Lee","Amaretto",11300,1178,91.8,14.6,7.9,27804,35172,32906,907,48,133,0,185,993
"Lee","Misc",292287,15142,91.8,14.6,7.9,27804,35172,32906,907,48,133,0,185,993
"Lee","Distilled Spirits",29232,3111,91.8,14.6,7.9,27804,35172,32906,907,48,133,0,185,993
"Lee","Vodka",685252,64075,91.8,14.6,7.9,27804,35172,32906,907,48,133,0,185,993
"Lee","Brandy",86833,5378,91.8,14.6,7.9,27804,35172,32906,907,48,133,0,185,993
"Lee","Gin",56975,4951,91.8,14.6,7.9,27804,35172,32906,907,48,133,0,185,993
"Linn","Vodka",5817847,503429,94.6,32.2,4.2,34878,218076,195251,10174,416,4667,60,1637,5871
"Linn","Amaretto",82743,7326,94.6,32.2,4.2,34878,218076,195251,10174,416,4667,60,1637,5871
"Linn","Schnapps",1145099,81166,94.6,32.2,4.2,34878,218076,195251,10174,416,4667,60,1637,5871
"Linn","Whisky",7245814,425202,94.6,32.2,4.2,34878,218076,195251,10174,416,4667,60,1637,5871
"Linn","Misc",2266978,148465,94.6,32.2,4.2,34878,218076,195251,10174,416,4667,60,1637,5871
"Linn","Brandy",1144477,52820,94.6,32.2,4.2,34878,218076,195251,10174,416,4667,60,1637,5871
"Linn","Tequila",1519643,87932,94.6,32.2,4.2,34878,218076,195251,10174,416,4667,60,1637,5871
"Linn","Rum",2980222,214655,94.6,32.2,4.2,34878,218076,195251,10174,416,4667,60,1637,5871
"Linn","Distilled Spirits",353111,42013,94.6,32.2,4.2,34878,218076,195251,10174,416,4667,60,1637,5871
"Linn","Gin",655811,47472,94.6,32.2,4.2,34878,218076,195251,10174,416,4667,60,1637,5871
"Louisa","Misc",10850,706,82.7,13.3,4.3,30488,11251,10414,142,31,379,13,233,39
"Louisa","Brandy",25461,1508,82.7,13.3,4.3,30488,11251,10414,142,31,379,13,233,39
"Louisa","Tequila",12467,711,82.7,13.3,4.3,30488,11251,10414,142,31,379,13,233,39
"Louisa","Whisky",83654,5979,82.7,13.3,4.3,30488,11251,10414,142,31,379,13,233,39
"Louisa","Vodka",34098,3772,82.7,13.3,4.3,30488,11251,10414,142,31,379,13,233,39
"Louisa","Amaretto",451,56,82.7,13.3,4.3,30488,11251,10414,142,31,379,13,233,39
"Louisa","Schnapps",7584,663,82.7,13.3,4.3,30488,11251,10414,142,31,379,13,233,39
"Louisa","Gin",2225,237,82.7,13.3,4.3,30488,11251,10414,142,31,379,13,233,39
"Louisa","Distilled Spirits",1037,51,82.7,13.3,4.3,30488,11251,10414,142,31,379,13,233,39
"Louisa","Rum",48179,3171,82.7,13.3,4.3,30488,11251,10414,142,31,379,13,233,39
"Lucas","Whisky",160687,10395,91.8,16.5,5.1,29072,8700,8498,11,27,0,0,0,164
"Lucas","Misc",36050,2168,91.8,16.5,5.1,29072,8700,8498,11,27,0,0,0,164
"Lucas","Tequila",13575,898,91.8,16.5,5.1,29072,8700,8498,11,27,0,0,0,164
"Lucas","Brandy",7262,583,91.8,16.5,5.1,29072,8700,8498,11,27,0,0,0,164
"Lucas","Rum",48343,3524,91.8,16.5,5.1,29072,8700,8498,11,27,0,0,0,164
"Lucas","Schnapps",18500,1473,91.8,16.5,5.1,29072,8700,8498,11,27,0,0,0,164
"Lucas","Distilled Spirits",3021,136,91.8,16.5,5.1,29072,8700,8498,11,27,0,0,0,164
"Lucas","Vodka",75040,6887,91.8,16.5,5.1,29072,8700,8498,11,27,0,0,0,164
"Lucas","Amaretto",1303,99,91.8,16.5,5.1,29072,8700,8498,11,27,0,0,0,164
"Lucas","Gin",6138,521,91.8,16.5,5.1,29072,8700,8498,11,27,0,0,0,164
"Lyon","Misc",44056,2592,90.6,21.3,1.9,32119,11730,11385,6,70,29,8,124,108
"Lyon","Rum",149521,9718,90.6,21.3,1.9,32119,11730,11385,6,70,29,8,124,108
"Lyon","Schnapps",47098,3221,90.6,21.3,1.9,32119,11730,11385,6,70,29,8,124,108
"Lyon","Vodka",97451,9217,90.6,21.3,1.9,32119,11730,11385,6,70,29,8,124,108
"Lyon","Whisky",284790,20055,90.6,21.3,1.9,32119,11730,11385,6,70,29,8,124,108
"Lyon","Gin",6308,456,90.6,21.3,1.9,32119,11730,11385,6,70,29,8,124,108
"Lyon","Brandy",18360,1544,90.6,21.3,1.9,32119,11730,11385,6,70,29,8,124,108
"Lyon","Amaretto",4526,463,90.6,21.3,1.9,32119,11730,11385,6,70,29,8,124,108
"Lyon","Distilled Spirits",2368,115,90.6,21.3,1.9,32119,11730,11385,6,70,29,8,124,108
"Lyon","Tequila",18964,878,90.6,21.3,1.9,32119,11730,11385,6,70,29,8,124,108
"Madison","Whisky",284301,18601,94.4,22.5,4.8,36293,15661,15267,86,5,172,18,29,84
"Madison","Misc",55644,3536,94.4,22.5,4.8,36293,15661,15267,86,5,172,18,29,84
"Madison","Vodka",144499,14312,94.4,22.5,4.8,36293,15661,15267,86,5,172,18,29,84
"Madison","Rum",80602,5765,94.4,22.5,4.8,36293,15661,15267,86,5,172,18,29,84
"Madison","Tequila",37164,2838,94.4,22.5,4.8,36293,15661,15267,86,5,172,18,29,84
"Madison","Distilled Spirits",5294,387,94.4,22.5,4.8,36293,15661,15267,86,5,172,18,29,84
"Madison","Brandy",9486,707,94.4,22.5,4.8,36293,15661,15267,86,5,172,18,29,84
"Madison","Amaretto",1514,158,94.4,22.5,4.8,36293,15661,15267,86,5,172,18,29,84
"Madison","Schnapps",19592,1310,94.4,22.5,4.8,36293,15661,15267,86,5,172,18,29,84
"Madison","Gin",12733,1025,94.4,22.5,4.8,36293,15661,15267,86,5,172,18,29,84
"Mahaska","Tequila",59604,3956,91.1,23.9,6.3,30435,22324,21361,334,29,238,0,95,267
"Mahaska","Amaretto",7400,785,91.1,23.9,6.3,30435,22324,21361,334,29,238,0,95,267
"Mahaska","Gin",24086,1991,91.1,23.9,6.3,30435,22324,21361,334,29,238,0,95,267
"Mahaska","Rum",165343,11938,91.1,23.9,6.3,30435,22324,21361,334,29,238,0,95,267
"Mahaska","Misc",104862,6317,91.1,23.9,6.3,30435,22324,21361,334,29,238,0,95,267
"Mahaska","Vodka",267717,25629,91.1,23.9,6.3,30435,22324,21361,334,29,238,0,95,267
"Mahaska","Whisky",460294,28193,91.1,23.9,6.3,30435,22324,21361,334,29,238,0,95,267
"Mahaska","Distilled Spirits",14123,1276,91.1,23.9,6.3,30435,22324,21361,334,29,238,0,95,267
"Mahaska","Brandy",36103,2507,91.1,23.9,6.3,30435,22324,21361,334,29,238,0,95,267
"Mahaska","Schnapps",60290,4733,91.1,23.9,6.3,30435,22324,21361,334,29,238,0,95,267
"Marion","Amaretto",9864,1063,92.9,25.4,3.9,30916,33197,31849,210,94,356,0,185,503
"Marion","Tequila",109850,7233,92.9,25.4,3.9,30916,33197,31849,210,94,356,0,185,503
"Marion","Gin",40409,3339,92.9,25.4,3.9,30916,33197,31849,210,94,356,0,185,503
"Marion","Misc",171639,10146,92.9,25.4,3.9,30916,33197,31849,210,94,356,0,185,503
"Marion","Whisky",703511,43319,92.9,25.4,3.9,30916,33197,31849,210,94,356,0,185,503
"Marion","Distilled Spirits",18040,1103,92.9,25.4,3.9,30916,33197,31849,210,94,356,0,185,503
"Marion","Vodka",399686,36324,92.9,25.4,3.9,30916,33197,31849,210,94,356,0,185,503
"Marion","Schnapps",80811,5933,92.9,25.4,3.9,30916,33197,31849,210,94,356,0,185,503
"Marion","Rum",300248,21691,92.9,25.4,3.9,30916,33197,31849,210,94,356,0,185,503
"Marion","Brandy",35541,2502,92.9,25.4,3.9,30916,33197,31849,210,94,356,0,185,503
"Marshall","Brandy",138997,6902,84.7,19.5,5.9,30035,40735,34008,511,97,1258,15,3779,1067
"Marshall","Whisky",1088565,67636,84.7,19.5,5.9,30035,40735,34008,511,97,1258,15,3779,1067
"Marshall","Schnapps",110742,8819,84.7,19.5,5.9,30035,40735,34008,511,97,1258,15,3779,1067
"Marshall","Tequila",194806,9185,84.7,19.5,5.9,30035,40735,34008,511,97,1258,15,3779,1067
"Marshall","Vodka",602284,56237,84.7,19.5,5.9,30035,40735,34008,511,97,1258,15,3779,1067
"Marshall","Amaretto",9629,994,84.7,19.5,5.9,30035,40735,34008,511,97,1258,15,3779,1067
"Marshall","Rum",353266,25722,84.7,19.5,5.9,30035,40735,34008,511,97,1258,15,3779,1067
"Marshall","Distilled Spirits",21266,1977,84.7,19.5,5.9,30035,40735,34008,511,97,1258,15,3779,1067
"Marshall","Gin",75245,6072,84.7,19.5,5.9,30035,40735,34008,511,97,1258,15,3779,1067
"Marshall","Misc",256019,15562,84.7,19.5,5.9,30035,40735,34008,511,97,1258,15,3779,1067
"Mills","Misc",33825,1999,93.3,23.9,3.9,35694,14841,14460,111,121,22,0,9,118
"Mills","Whisky",191537,13004,93.3,23.9,3.9,35694,14841,14460,111,121,22,0,9,118
"Mills","Gin",10007,864,93.3,23.9,3.9,35694,14841,14460,111,121,22,0,9,118
"Mills","Rum",65762,4558,93.3,23.9,3.9,35694,14841,14460,111,121,22,0,9,118
"Mills","Brandy",5652,438,93.3,23.9,3.9,35694,14841,14460,111,121,22,0,9,118
"Mills","Tequila",17035,1135,93.3,23.9,3.9,35694,14841,14460,111,121,22,0,9,118
"Mills","Vodka",98196,9867,93.3,23.9,3.9,35694,14841,14460,111,121,22,0,9,118
"Mills","Distilled Spirits",1860,80,93.3,23.9,3.9,35694,14841,14460,111,121,22,0,9,118
"Mills","Amaretto",881,105,93.3,23.9,3.9,35694,14841,14460,111,121,22,0,9,118
"Mills","Schnapps",16395,1392,93.3,23.9,3.9,35694,14841,14460,111,121,22,0,9,118
"Mitchell","Gin",5898,568,91.2,15.7,3.6,30757,10757,10528,9,26,40,0,6,148
"Mitchell","Vodka",85902,9601,91.2,15.7,3.6,30757,10757,10528,9,26,40,0,6,148
"Mitchell","Whisky",145240,10670,91.2,15.7,3.6,30757,10757,10528,9,26,40,0,6,148
"Mitchell","Tequila",19926,1224,91.2,15.7,3.6,30757,10757,10528,9,26,40,0,6,148
"Mitchell","Amaretto",2406,345,91.2,15.7,3.6,30757,10757,10528,9,26,40,0,6,148
"Mitchell","Rum",68278,4871,91.2,15.7,3.6,30757,10757,10528,9,26,40,0,6,148
"Mitchell","Brandy",10493,982,91.2,15.7,3.6,30757,10757,10528,9,26,40,0,6,148
"Mitchell","Misc",32458,2053,91.2,15.7,3.6,30757,10757,10528,9,26,40,0,6,148
"Mitchell","Distilled Spirits",870,41,91.2,15.7,3.6,30757,10757,10528,9,26,40,0,6,148
"Mitchell","Schnapps",36589,2947,91.2,15.7,3.6,30757,10757,10528,9,26,40,0,6,148
"Monona","Vodka",94825,9839,90.5,16.6,4.1,26740,9013,8741,50,110,10,0,12,90
"Monona","Tequila",24847,1462,90.5,16.6,4.1,26740,9013,8741,50,110,10,0,12,90
"Monona","Whisky",206241,13328,90.5,16.6,4.1,26740,9013,8741,50,110,10,0,12,90
"Monona","Amaretto",3581,360,90.5,16.6,4.1,26740,9013,8741,50,110,10,0,12,90
"Monona","Rum",90078,6300,90.5,16.6,4.1,26740,9013,8741,50,110,10,0,12,90
"Monona","Brandy",11059,903,90.5,16.6,4.1,26740,9013,8741,50,110,10,0,12,90
"Monona","Misc",38923,2548,90.5,16.6,4.1,26740,9013,8741,50,110,10,0,12,90
"Monona","Distilled Spirits",3281,157,90.5,16.6,4.1,26740,9013,8741,50,110,10,0,12,90
"Monona","Gin",6230,594,90.5,16.6,4.1,26740,9013,8741,50,110,10,0,12,90
"Monona","Schnapps",36669,2560,90.5,16.6,4.1,26740,9013,8741,50,110,10,0,12,90
"Monroe","Rum",43068,2887,88.1,15.4,5.9,31789,7964,7749,6,0,18,0,146,45
"Monroe","Brandy",6230,456,88.1,15.4,5.9,31789,7964,7749,6,0,18,0,146,45
"Monroe","Misc",27582,1661,88.1,15.4,5.9,31789,7964,7749,6,0,18,0,146,45
"Monroe","Vodka",54127,5225,88.1,15.4,5.9,31789,7964,7749,6,0,18,0,146,45
"Monroe","Whisky",131199,8999,88.1,15.4,5.9,31789,7964,7749,6,0,18,0,146,45
"Monroe","Tequila",11245,736,88.1,15.4,5.9,31789,7964,7749,6,0,18,0,146,45
"Monroe","Gin",4323,372,88.1,15.4,5.9,31789,7964,7749,6,0,18,0,146,45
"Monroe","Amaretto",1542,176,88.1,15.4,5.9,31789,7964,7749,6,0,18,0,146,45
"Monroe","Schnapps",14613,1092,88.1,15.4,5.9,31789,7964,7749,6,0,18,0,146,45
"Monroe","Distilled Spirits",1882,92,88.1,15.4,5.9,31789,7964,7749,6,0,18,0,146,45
"Montgomery","Whisky",261110,17185,89.1,15.5,8.4,26750,10380,9913,0,24,0,0,167,276
"Montgomery","Rum",68305,4989,89.1,15.5,8.4,26750,10380,9913,0,24,0,0,167,276
"Montgomery","Tequila",28010,1693,89.1,15.5,8.4,26750,10380,9913,0,24,0,0,167,276
"Montgomery","Schnapps",26506,2391,89.1,15.5,8.4,26750,10380,9913,0,24,0,0,167,276
"Montgomery","Gin",15922,1366,89.1,15.5,8.4,26750,10380,9913,0,24,0,0,167,276
"Montgomery","Misc",58760,3448,89.1,15.5,8.4,26750,10380,9913,0,24,0,0,167,276
"Montgomery","Vodka",111596,11295,89.1,15.5,8.4,26750,10380,9913,0,24,0,0,167,276
"Montgomery","Brandy",12463,1081,89.1,15.5,8.4,26750,10380,9913,0,24,0,0,167,276
"Montgomery","Amaretto",1459,144,89.1,15.5,8.4,26750,10380,9913,0,24,0,0,167,276
"Montgomery","Distilled Spirits",5795,293,89.1,15.5,8.4,26750,10380,9913,0,24,0,0,167,276
"Muscatine","Brandy",73492,4772,86.9,20.5,4.5,31151,42949,39253,745,66,474,12,1186,1213
"Muscatine","Rum",455558,32482,86.9,20.5,4.5,31151,42949,39253,745,66,474,12,1186,1213
"Muscatine","Schnapps",142243,10822,86.9,20.5,4.5,31151,42949,39253,745,66,474,12,1186,1213
"Muscatine","Tequila",185165,10835,86.9,20.5,4.5,31151,42949,39253,745,66,474,12,1186,1213
"Muscatine","Whisky",982208,59121,86.9,20.5,4.5,31151,42949,39253,745,66,474,12,1186,1213
"Muscatine","Amaretto",11605,1196,86.9,20.5,4.5,31151,42949,39253,745,66,474,12,1186,1213
"Muscatine","Distilled Spirits",16352,792,86.9,20.5,4.5,31151,42949,39253,745,66,474,12,1186,1213
"Muscatine","Misc",286559,17109,86.9,20.5,4.5,31151,42949,39253,745,66,474,12,1186,1213
"Muscatine","Vodka",647330,61848,86.9,20.5,4.5,31151,42949,39253,745,66,474,12,1186,1213
"Muscatine","Gin",67137,5514,86.9,20.5,4.5,31151,42949,39253,745,66,474,12,1186,1213
"Osceola","Rum",29588,1916,87.6,16.6,2.7,26997,6154,5871,25,11,25,6,155,61
"Osceola","Whisky",110545,8338,87.6,16.6,2.7,26997,6154,5871,25,11,25,6,155,61
"Osceola","Vodka",34161,3852,87.6,16.6,2.7,26997,6154,5871,25,11,25,6,155,61
"Osceola","Misc",17315,1022,87.6,16.6,2.7,26997,6154,5871,25,11,25,6,155,61
"Osceola","Brandy",5382,460,87.6,16.6,2.7,26997,6154,5871,25,11,25,6,155,61
"Osceola","Gin",6435,661,87.6,16.6,2.7,26997,6154,5871,25,11,25,6,155,61
"Osceola","Amaretto",828,116,87.6,16.6,2.7,26997,6154,5871,25,11,25,6,155,61
"Osceola","Schnapps",19220,1369,87.6,16.6,2.7,26997,6154,5871,25,11,25,6,155,61
"Osceola","Distilled Spirits",462,33,87.6,16.6,2.7,26997,6154,5871,25,11,25,6,155,61
"Osceola","Tequila",9387,473,87.6,16.6,2.7,26997,6154,5871,25,11,25,6,155,61
"Page","Misc",118591,7081,88.4,21.9,4.3,29172,15552,14668,379,55,180,0,44,226
"Page","Gin",21630,1909,88.4,21.9,4.3,29172,15552,14668,379,55,180,0,44,226
"Page","Vodka",189230,18018,88.4,21.9,4.3,29172,15552,14668,379,55,180,0,44,226
"Page","Amaretto",4297,433,88.4,21.9,4.3,29172,15552,14668,379,55,180,0,44,226
"Page","Rum",164652,11592,88.4,21.9,4.3,29172,15552,14668,379,55,180,0,44,226
"Page","Brandy",12917,1006,88.4,21.9,4.3,29172,15552,14668,379,55,180,0,44,226
"Page","Schnapps",43172,3298,88.4,21.9,4.3,29172,15552,14668,379,55,180,0,44,226
"Page","Tequila",79100,5499,88.4,21.9,4.3,29172,15552,14668,379,55,180,0,44,226
"Page","Whisky",505394,30826,88.4,21.9,4.3,29172,15552,14668,379,55,180,0,44,226
"Page","Distilled Spirits",6413,399,88.4,21.9,4.3,29172,15552,14668,379,55,180,0,44,226
"Palo Alto","Distilled Spirits",3919,323,93.6,22.1,2,29352,9155,8833,166,12,46,0,16,82
"Palo Alto","Brandy",18435,1617,93.6,22.1,2,29352,9155,8833,166,12,46,0,16,82
"Palo Alto","Misc",54142,3006,93.6,22.1,2,29352,9155,8833,166,12,46,0,16,82
"Palo Alto","Tequila",22718,1342,93.6,22.1,2,29352,9155,8833,166,12,46,0,16,82
"Palo Alto","Schnapps",37374,2996,93.6,22.1,2,29352,9155,8833,166,12,46,0,16,82
"Palo Alto","Gin",11088,939,93.6,22.1,2,29352,9155,8833,166,12,46,0,16,82
"Palo Alto","Vodka",117092,12162,93.6,22.1,2,29352,9155,8833,166,12,46,0,16,82
"Palo Alto","Whisky",346161,27823,93.6,22.1,2,29352,9155,8833,166,12,46,0,16,82
"Palo Alto","Rum",120740,8641,93.6,22.1,2,29352,9155,8833,166,12,46,0,16,82
"Palo Alto","Amaretto",2996,418,93.6,22.1,2,29352,9155,8833,166,12,46,0,16,82
"Plymouth","Brandy",40659,3505,92.1,19.5,3.6,34581,24972,23828,122,46,142,58,505,271
"Plymouth","Rum",254808,17370,92.1,19.5,3.6,34581,24972,23828,122,46,142,58,505,271
"Plymouth","Whisky",615048,42091,92.1,19.5,3.6,34581,24972,23828,122,46,142,58,505,271
"Plymouth","Distilled Spirits",5904,304,92.1,19.5,3.6,34581,24972,23828,122,46,142,58,505,271
"Plymouth","Gin",27107,2090,92.1,19.5,3.6,34581,24972,23828,122,46,142,58,505,271
"Plymouth","Tequila",79596,5499,92.1,19.5,3.6,34581,24972,23828,122,46,142,58,505,271
"Plymouth","Vodka",268578,24143,92.1,19.5,3.6,34581,24972,23828,122,46,142,58,505,271
"Plymouth","Misc",133600,7423,92.1,19.5,3.6,34581,24972,23828,122,46,142,58,505,271
"Plymouth","Schnapps",90247,6991,92.1,19.5,3.6,34581,24972,23828,122,46,142,58,505,271
"Plymouth","Amaretto",4931,510,92.1,19.5,3.6,34581,24972,23828,122,46,142,58,505,271
"Pocahontas","Misc",20774,1245,93.2,16.9,4.8,30786,7061,6778,103,6,16,10,49,99
"Pocahontas","Gin",7326,813,93.2,16.9,4.8,30786,7061,6778,103,6,16,10,49,99
"Pocahontas","Rum",60112,4487,93.2,16.9,4.8,30786,7061,6778,103,6,16,10,49,99
"Pocahontas","Whisky",137378,11377,93.2,16.9,4.8,30786,7061,6778,103,6,16,10,49,99
"Pocahontas","Tequila",8547,522,93.2,16.9,4.8,30786,7061,6778,103,6,16,10,49,99
"Pocahontas","Amaretto",1703,239,93.2,16.9,4.8,30786,7061,6778,103,6,16,10,49,99
"Pocahontas","Distilled Spirits",1217,57,93.2,16.9,4.8,30786,7061,6778,103,6,16,10,49,99
"Pocahontas","Brandy",6018,499,93.2,16.9,4.8,30786,7061,6778,103,6,16,10,49,99
"Pocahontas","Vodka",69946,8537,93.2,16.9,4.8,30786,7061,6778,103,6,16,10,49,99
"Pocahontas","Schnapps",16076,1342,93.2,16.9,4.8,30786,7061,6778,103,6,16,10,49,99
"Polk","Brandy",2661985,114798,91.7,35.6,5.2,35121,459159,390415,29390,1277,18813,366,6735,12163
"Polk","Vodka",16434338,1288859,91.7,35.6,5.2,35121,459159,390415,29390,1277,18813,366,6735,12163
"Polk","Amaretto",211535,17655,91.7,35.6,5.2,35121,459159,390415,29390,1277,18813,366,6735,12163
"Polk","Rum",6905429,487875,91.7,35.6,5.2,35121,459159,390415,29390,1277,18813,366,6735,12163
"Polk","Whisky",20496221,1084197,91.7,35.6,5.2,35121,459159,390415,29390,1277,18813,366,6735,12163
"Polk","Distilled Spirits",265531,20152,91.7,35.6,5.2,35121,459159,390415,29390,1277,18813,366,6735,12163
"Polk","Tequila",4764464,276985,91.7,35.6,5.2,35121,459159,390415,29390,1277,18813,366,6735,12163
"Polk","Misc",5464019,302997,91.7,35.6,5.2,35121,459159,390415,29390,1277,18813,366,6735,12163
"Polk","Schnapps",1859058,132832,91.7,35.6,5.2,35121,459159,390415,29390,1277,18813,366,6735,12163
"Polk","Gin",1997056,137088,91.7,35.6,5.2,35121,459159,390415,29390,1277,18813,366,6735,12163
"Pottawattamie","Rum",1333010,94084,90,20.7,4.9,31657,93198,87907,1352,304,636,5,1240,1754
"Pottawattamie","Schnapps",489324,32581,90,20.7,4.9,31657,93198,87907,1352,304,636,5,1240,1754
"Pottawattamie","Vodka",1952363,174938,90,20.7,4.9,31657,93198,87907,1352,304,636,5,1240,1754
"Pottawattamie","Brandy",211829,12081,90,20.7,4.9,31657,93198,87907,1352,304,636,5,1240,1754
"Pottawattamie","Gin",209504,15392,90,20.7,4.9,31657,93198,87907,1352,304,636,5,1240,1754
"Pottawattamie","Tequila",680931,36452,90,20.7,4.9,31657,93198,87907,1352,304,636,5,1240,1754
"Pottawattamie","Distilled Spirits",65922,6113,90,20.7,4.9,31657,93198,87907,1352,304,636,5,1240,1754
"Pottawattamie","Whisky",3366132,191260,90,20.7,4.9,31657,93198,87907,1352,304,636,5,1240,1754
"Pottawattamie","Misc",1008737,57186,90,20.7,4.9,31657,93198,87907,1352,304,636,5,1240,1754
"Pottawattamie","Amaretto",48313,4665,90,20.7,4.9,31657,93198,87907,1352,304,636,5,1240,1754
"Poweshiek","Brandy",32554,2520,93.4,22.9,4.3,24258,18622,17632,333,17,373,5,35,227
"Poweshiek","Schnapps",63570,4699,93.4,22.9,4.3,24258,18622,17632,333,17,373,5,35,227
"Poweshiek","Rum",182193,12971,93.4,22.9,4.3,24258,18622,17632,333,17,373,5,35,227
"Poweshiek","Amaretto",5463,551,93.4,22.9,4.3,24258,18622,17632,333,17,373,5,35,227
"Poweshiek","Misc",106197,5916,93.4,22.9,4.3,24258,18622,17632,333,17,373,5,35,227
"Poweshiek","Whisky",547662,34216,93.4,22.9,4.3,24258,18622,17632,333,17,373,5,35,227
"Poweshiek","Vodka",269660,25468,93.4,22.9,4.3,24258,18622,17632,333,17,373,5,35,227
"Poweshiek","Tequila",64016,4019,93.4,22.9,4.3,24258,18622,17632,333,17,373,5,35,227
"Poweshiek","Distilled Spirits",5441,279,93.4,22.9,4.3,24258,18622,17632,333,17,373,5,35,227
"Poweshiek","Gin",34843,2742,93.4,22.9,4.3,24258,18622,17632,333,17,373,5,35,227
"Ringgold","Vodka",24291,2493,90.8,19.3,5.3,27585,5054,4911,11,20,21,0,57,34
"Ringgold","Brandy",2324,220,90.8,19.3,5.3,27585,5054,4911,11,20,21,0,57,34
"Ringgold","Whisky",64896,4424,90.8,19.3,5.3,27585,5054,4911,11,20,21,0,57,34
"Ringgold","Gin",2131,203,90.8,19.3,5.3,27585,5054,4911,11,20,21,0,57,34
"Ringgold","Tequila",5716,418,90.8,19.3,5.3,27585,5054,4911,11,20,21,0,57,34
"Ringgold","Amaretto",1355,152,90.8,19.3,5.3,27585,5054,4911,11,20,21,0,57,34
"Ringgold","Misc",15809,1116,90.8,19.3,5.3,27585,5054,4911,11,20,21,0,57,34
"Ringgold","Distilled Spirits",798,42,90.8,19.3,5.3,27585,5054,4911,11,20,21,0,57,34
"Ringgold","Schnapps",9758,822,90.8,19.3,5.3,27585,5054,4911,11,20,21,0,57,34
"Ringgold","Rum",12194,920,90.8,19.3,5.3,27585,5054,4911,11,20,21,0,57,34
"Sac","Rum",95358,6530,91.7,19.3,3.9,30292,10034,9800,60,0,0,4,52,118
"Sac","Distilled Spirits",3109,307,91.7,19.3,3.9,30292,10034,9800,60,0,0,4,52,118
"Sac","Vodka",93974,9762,91.7,19.3,3.9,30292,10034,9800,60,0,0,4,52,118
"Sac","Tequila",23763,1370,91.7,19.3,3.9,30292,10034,9800,60,0,0,4,52,118
"Sac","Whisky",233914,18749,91.7,19.3,3.9,30292,10034,9800,60,0,0,4,52,118
"Sac","Misc",32237,1997,91.7,19.3,3.9,30292,10034,9800,60,0,0,4,52,118
"Sac","Amaretto",3312,468,91.7,19.3,3.9,30292,10034,9800,60,0,0,4,52,118
"Sac","Gin",8402,686,91.7,19.3,3.9,30292,10034,9800,60,0,0,4,52,118
"Sac","Brandy",9753,865,91.7,19.3,3.9,30292,10034,9800,60,0,0,4,52,118
"Sac","Schnapps",24668,2021,91.7,19.3,3.9,30292,10034,9800,60,0,0,4,52,118
"Scott","Rum",2260380,162336,93,31.9,4.9,32582,171116,146989,13254,503,4126,17,1858,4369
"Scott","Amaretto",80034,7766,93,31.9,4.9,32582,171116,146989,13254,503,4126,17,1858,4369
"Scott","Tequila",1549269,85234,93,31.9,4.9,32582,171116,146989,13254,503,4126,17,1858,4369
"Scott","Schnapps",913441,63073,93,31.9,4.9,32582,171116,146989,13254,503,4126,17,1858,4369
"Scott","Misc",1787323,100069,93,31.9,4.9,32582,171116,146989,13254,503,4126,17,1858,4369
"Scott","Vodka",4988165,409536,93,31.9,4.9,32582,171116,146989,13254,503,4126,17,1858,4369
"Scott","Gin",673412,48838,93,31.9,4.9,32582,171116,146989,13254,503,4126,17,1858,4369
"Scott","Distilled Spirits",86921,6882,93,31.9,4.9,32582,171116,146989,13254,503,4126,17,1858,4369
"Scott","Whisky",5934418,322709,93,31.9,4.9,32582,171116,146989,13254,503,4126,17,1858,4369
"Scott","Brandy",1030088,46655,93,31.9,4.9,32582,171116,146989,13254,503,4126,17,1858,4369
"Shelby","Amaretto",2298,274,91.3,21.1,3.3,28962,11944,11484,49,16,37,0,211,147
"Shelby","Tequila",39204,2576,91.3,21.1,3.3,28962,11944,11484,49,16,37,0,211,147
"Shelby","Misc",58511,3392,91.3,21.1,3.3,28962,11944,11484,49,16,37,0,211,147
"Shelby","Vodka",130789,12612,91.3,21.1,3.3,28962,11944,11484,49,16,37,0,211,147
"Shelby","Whisky",317777,21005,91.3,21.1,3.3,28962,11944,11484,49,16,37,0,211,147
"Shelby","Rum",133176,9941,91.3,21.1,3.3,28962,11944,11484,49,16,37,0,211,147
"Shelby","Gin",10047,656,91.3,21.1,3.3,28962,11944,11484,49,16,37,0,211,147
"Shelby","Schnapps",36161,2632,91.3,21.1,3.3,28962,11944,11484,49,16,37,0,211,147
"Shelby","Brandy",11257,874,91.3,21.1,3.3,28962,11944,11484,49,16,37,0,211,147
"Shelby","Distilled Spirits",2589,121,91.3,21.1,3.3,28962,11944,11484,49,16,37,0,211,147
"Sioux","Amaretto",8377,757,89.9,26.9,1.8,28100,34621,32150,146,81,246,4,1609,385
"Sioux","Schnapps",75755,5529,89.9,26.9,1.8,28100,34621,32150,146,81,246,4,1609,385
"Sioux","Distilled Spirits",3775,170,89.9,26.9,1.8,28100,34621,32150,146,81,246,4,1609,385
"Sioux","Tequila",65670,3625,89.9,26.9,1.8,28100,34621,32150,146,81,246,4,1609,385
"Sioux","Whisky",567099,40635,89.9,26.9,1.8,28100,34621,32150,146,81,246,4,1609,385
"Sioux","Brandy",26244,2082,89.9,26.9,1.8,28100,34621,32150,146,81,246,4,1609,385
"Sioux","Misc",107037,6306,89.9,26.9,1.8,28100,34621,32150,146,81,246,4,1609,385
"Sioux","Vodka",258135,24058,89.9,26.9,1.8,28100,34621,32150,146,81,246,4,1609,385
"Sioux","Gin",17898,1412,89.9,26.9,1.8,28100,34621,32150,146,81,246,4,1609,385
"Sioux","Rum",288394,19851,89.9,26.9,1.8,28100,34621,32150,146,81,246,4,1609,385
"Story","Misc",701637,41109,96.3,50.3,5.2,18959,94834,83040,2136,211,6523,29,320,2575
"Story","Rum",1232907,93260,96.3,50.3,5.2,18959,94834,83040,2136,211,6523,29,320,2575
"Story","Whisky",2954904,173036,96.3,50.3,5.2,18959,94834,83040,2136,211,6523,29,320,2575
"Story","Distilled Spirits",72822,7539,96.3,50.3,5.2,18959,94834,83040,2136,211,6523,29,320,2575
"Story","Brandy",204617,10873,96.3,50.3,5.2,18959,94834,83040,2136,211,6523,29,320,2575
"Story","Vodka",1957133,170121,96.3,50.3,5.2,18959,94834,83040,2136,211,6523,29,320,2575
"Story","Tequila",423175,26727,96.3,50.3,5.2,18959,94834,83040,2136,211,6523,29,320,2575
"Story","Gin",264935,19869,96.3,50.3,5.2,18959,94834,83040,2136,211,6523,29,320,2575
"Story","Amaretto",34069,3339,96.3,50.3,5.2,18959,94834,83040,2136,211,6523,29,320,2575
"Story","Schnapps",258827,18716,96.3,50.3,5.2,18959,94834,83040,2136,211,6523,29,320,2575
"Tama","Misc",51452,3110,90.6,16.3,5.7,31113,17423,15442,88,1290,60,9,214,320
"Tama","Brandy",26378,2148,90.6,16.3,5.7,31113,17423,15442,88,1290,60,9,214,320
"Tama","Whisky",243632,16779,90.6,16.3,5.7,31113,17423,15442,88,1290,60,9,214,320
"Tama","Amaretto",1628,196,90.6,16.3,5.7,31113,17423,15442,88,1290,60,9,214,320
"Tama","Tequila",32249,2131,90.6,16.3,5.7,31113,17423,15442,88,1290,60,9,214,320
"Tama","Rum",86530,6228,90.6,16.3,5.7,31113,17423,15442,88,1290,60,9,214,320
"Tama","Schnapps",37488,3474,90.6,16.3,5.7,31113,17423,15442,88,1290,60,9,214,320
"Tama","Distilled Spirits",2046,114,90.6,16.3,5.7,31113,17423,15442,88,1290,60,9,214,320
"Tama","Gin",10040,913,90.6,16.3,5.7,31113,17423,15442,88,1290,60,9,214,320
"Tama","Vodka",131247,14014,90.6,16.3,5.7,31113,17423,15442,88,1290,60,9,214,320
"Taylor","Gin",1060,106,90.9,13.6,3.3,30590,6209,5960,12,16,44,0,131,46
"Taylor","Vodka",19477,2311,90.9,13.6,3.3,30590,6209,5960,12,16,44,0,131,46
"Taylor","Misc",7434,510,90.9,13.6,3.3,30590,6209,5960,12,16,44,0,131,46
"Taylor","Distilled Spirits",275,13,90.9,13.6,3.3,30590,6209,5960,12,16,44,0,131,46
"Taylor","Brandy",1594,139,90.9,13.6,3.3,30590,6209,5960,12,16,44,0,131,46
"Taylor","Tequila",5730,319,90.9,13.6,3.3,30590,6209,5960,12,16,44,0,131,46
"Taylor","Amaretto",1021,70,90.9,13.6,3.3,30590,6209,5960,12,16,44,0,131,46
"Taylor","Rum",12792,838,90.9,13.6,3.3,30590,6209,5960,12,16,44,0,131,46
"Taylor","Whisky",50673,3431,90.9,13.6,3.3,30590,6209,5960,12,16,44,0,131,46
"Taylor","Schnapps",4789,416,90.9,13.6,3.3,30590,6209,5960,12,16,44,0,131,46
"Union","Whisky",418168,27005,91.9,16.4,4.1,27422,12539,12208,124,35,81,7,0,84
"Union","Gin",20810,1899,91.9,16.4,4.1,27422,12539,12208,124,35,81,7,0,84
"Union","Misc",83783,4797,91.9,16.4,4.1,27422,12539,12208,124,35,81,7,0,84
"Union","Tequila",40951,2823,91.9,16.4,4.1,27422,12539,12208,124,35,81,7,0,84
"Union","Amaretto",7771,826,91.9,16.4,4.1,27422,12539,12208,124,35,81,7,0,84
"Union","Vodka",165844,17279,91.9,16.4,4.1,27422,12539,12208,124,35,81,7,0,84
"Union","Brandy",16961,1459,91.9,16.4,4.1,27422,12539,12208,124,35,81,7,0,84
"Union","Rum",119065,8590,91.9,16.4,4.1,27422,12539,12208,124,35,81,7,0,84
"Union","Schnapps",40514,3355,91.9,16.4,4.1,27422,12539,12208,124,35,81,7,0,84
"Union","Distilled Spirits",5221,241,91.9,16.4,4.1,27422,12539,12208,124,35,81,7,0,84
"Van Buren","Whisky",83594,5163,88.3,12.7,3.7,29712,7380,7229,43,7,3,0,6,92
"Van Buren","Gin",2939,152,88.3,12.7,3.7,29712,7380,7229,43,7,3,0,6,92
"Van Buren","Vodka",35484,3426,88.3,12.7,3.7,29712,7380,7229,43,7,3,0,6,92
"Van Buren","Rum",27710,2023,88.3,12.7,3.7,29712,7380,7229,43,7,3,0,6,92
"Van Buren","Brandy",1880,162,88.3,12.7,3.7,29712,7380,7229,43,7,3,0,6,92
"Van Buren","Tequila",5630,332,88.3,12.7,3.7,29712,7380,7229,43,7,3,0,6,92
"Van Buren","Misc",9750,547,88.3,12.7,3.7,29712,7380,7229,43,7,3,0,6,92
"Van Buren","Schnapps",15390,1110,88.3,12.7,3.7,29712,7380,7229,43,7,3,0,6,92
"Van Buren","Distilled Spirits",625,34,88.3,12.7,3.7,29712,7380,7229,43,7,3,0,6,92
"Van Buren","Amaretto",390,51,88.3,12.7,3.7,29712,7380,7229,43,7,3,0,6,92
"Wapello","Whisky",908443,55017,86.3,17.6,7,27318,35242,32003,831,68,323,95,1446,476
"Wapello","Brandy",68125,3971,86.3,17.6,7,27318,35242,32003,831,68,323,95,1446,476
"Wapello","Vodka",475947,45393,86.3,17.6,7,27318,35242,32003,831,68,323,95,1446,476
"Wapello","Misc",213075,12056,86.3,17.6,7,27318,35242,32003,831,68,323,95,1446,476
"Wapello","Tequila",158762,9115,86.3,17.6,7,27318,35242,32003,831,68,323,95,1446,476
"Wapello","Gin",48920,3910,86.3,17.6,7,27318,35242,32003,831,68,323,95,1446,476
"Wapello","Rum",353065,24246,86.3,17.6,7,27318,35242,32003,831,68,323,95,1446,476
"Wapello","Distilled Spirits",21825,1952,86.3,17.6,7,27318,35242,32003,831,68,323,95,1446,476
"Wapello","Amaretto",8506,807,86.3,17.6,7,27318,35242,32003,831,68,323,95,1446,476
"Wapello","Schnapps",157598,11677,86.3,17.6,7,27318,35242,32003,831,68,323,95,1446,476
"Warren","Whisky",759226,48395,95.6,28.8,5.2,36543,48170,46619,193,113,230,51,200,764
"Warren","Vodka",524316,49683,95.6,28.8,5.2,36543,48170,46619,193,113,230,51,200,764
"Warren","Tequila",102435,7707,95.6,28.8,5.2,36543,48170,46619,193,113,230,51,200,764
"Warren","Schnapps",64437,4501,95.6,28.8,5.2,36543,48170,46619,193,113,230,51,200,764
"Warren","Distilled Spirits",12858,583,95.6,28.8,5.2,36543,48170,46619,193,113,230,51,200,764
"Warren","Misc",203044,12041,95.6,28.8,5.2,36543,48170,46619,193,113,230,51,200,764
"Warren","Brandy",25214,1933,95.6,28.8,5.2,36543,48170,46619,193,113,230,51,200,764
"Warren","Rum",325306,23426,95.6,28.8,5.2,36543,48170,46619,193,113,230,51,200,764
"Warren","Amaretto",5518,668,95.6,28.8,5.2,36543,48170,46619,193,113,230,51,200,764
"Warren","Gin",49678,4141,95.6,28.8,5.2,36543,48170,46619,193,113,230,51,200,764
"Washington","Distilled Spirits",7768,701,90.8,20.9,4.2,31092,22115,21332,195,49,103,11,178,247
"Washington","Amaretto",5042,514,90.8,20.9,4.2,31092,22115,21332,195,49,103,11,178,247
"Washington","Schnapps",68343,5320,90.8,20.9,4.2,31092,22115,21332,195,49,103,11,178,247
"Washington","Rum",202795,14238,90.8,20.9,4.2,31092,22115,21332,195,49,103,11,178,247
"Washington","Whisky",597736,36989,90.8,20.9,4.2,31092,22115,21332,195,49,103,11,178,247
"Washington","Tequila",67540,3620,90.8,20.9,4.2,31092,22115,21332,195,49,103,11,178,247
"Washington","Brandy",32468,2012,90.8,20.9,4.2,31092,22115,21332,195,49,103,11,178,247
"Washington","Misc",132244,6995,90.8,20.9,4.2,31092,22115,21332,195,49,103,11,178,247
"Washington","Gin",35693,2543,90.8,20.9,4.2,31092,22115,21332,195,49,103,11,178,247
"Washington","Vodka",278362,23263,90.8,20.9,4.2,31092,22115,21332,195,49,103,11,178,247
"Wayne","Brandy",1542,145,89.2,13.1,3,26887,6403,6264,41,21,4,0,0,73
"Wayne","Tequila",3306,228,89.2,13.1,3,26887,6403,6264,41,21,4,0,0,73
"Wayne","Misc",8677,602,89.2,13.1,3,26887,6403,6264,41,21,4,0,0,73
"Wayne","Whisky",48401,3269,89.2,13.1,3,26887,6403,6264,41,21,4,0,0,73
"Wayne","Gin",2629,248,89.2,13.1,3,26887,6403,6264,41,21,4,0,0,73
"Wayne","Rum",12854,947,89.2,13.1,3,26887,6403,6264,41,21,4,0,0,73
"Wayne","Distilled Spirits",712,37,89.2,13.1,3,26887,6403,6264,41,21,4,0,0,73
"Wayne","Amaretto",762,52,89.2,13.1,3,26887,6403,6264,41,21,4,0,0,73
"Wayne","Schnapps",6641,593,89.2,13.1,3,26887,6403,6264,41,21,4,0,0,73
"Wayne","Vodka",18898,1860,89.2,13.1,3,26887,6403,6264,41,21,4,0,0,73
"Webster","Tequila",204349,12497,90.6,20.6,6.6,25615,37050,33912,1672,140,433,3,380,510
"Webster","Amaretto",16008,1649,90.6,20.6,6.6,25615,37050,33912,1672,140,433,3,380,510
"Webster","Vodka",797751,72564,90.6,20.6,6.6,25615,37050,33912,1672,140,433,3,380,510
"Webster","Brandy",157302,8678,90.6,20.6,6.6,25615,37050,33912,1672,140,433,3,380,510
"Webster","Misc",323715,19383,90.6,20.6,6.6,25615,37050,33912,1672,140,433,3,380,510
"Webster","Whisky",1142636,76594,90.6,20.6,6.6,25615,37050,33912,1672,140,433,3,380,510
"Webster","Rum",524140,36895,90.6,20.6,6.6,25615,37050,33912,1672,140,433,3,380,510
"Webster","Gin",79048,6402,90.6,20.6,6.6,25615,37050,33912,1672,140,433,3,380,510
"Webster","Distilled Spirits",15528,808,90.6,20.6,6.6,25615,37050,33912,1672,140,433,3,380,510
"Webster","Schnapps",156437,10873,90.6,20.6,6.6,25615,37050,33912,1672,140,433,3,380,510
"Winnebago","Tequila",31700,1877,91,21.6,6.6,28874,10580,10088,79,81,119,1,40,172
"Winnebago","Vodka",146151,15020,91,21.6,6.6,28874,10580,10088,79,81,119,1,40,172
"Winnebago","Whisky",255964,19704,91,21.6,6.6,28874,10580,10088,79,81,119,1,40,172
"Winnebago","Misc",50938,2971,91,21.6,6.6,28874,10580,10088,79,81,119,1,40,172
"Winnebago","Rum",137615,10145,91,21.6,6.6,28874,10580,10088,79,81,119,1,40,172
"Winnebago","Distilled Spirits",3310,144,91,21.6,6.6,28874,10580,10088,79,81,119,1,40,172
"Winnebago","Gin",8734,703,91,21.6,6.6,28874,10580,10088,79,81,119,1,40,172
"Winnebago","Amaretto",3298,311,91,21.6,6.6,28874,10580,10088,79,81,119,1,40,172
"Winnebago","Schnapps",33579,2477,91,21.6,6.6,28874,10580,10088,79,81,119,1,40,172
"Winnebago","Brandy",17222,1412,91,21.6,6.6,28874,10580,10088,79,81,119,1,40,172
"Winneshiek","Misc",123091,6948,94.4,27.6,2.5,26460,20789,20124,178,41,244,0,72,130
"Winneshiek","Rum",197902,13310,94.4,27.6,2.5,26460,20789,20124,178,41,244,0,72,130
"Winneshiek","Whisky",430894,28228,94.4,27.6,2.5,26460,20789,20124,178,41,244,0,72,130
"Winneshiek","Vodka",302431,28006,94.4,27.6,2.5,26460,20789,20124,178,41,244,0,72,130
"Winneshiek","Schnapps",79322,6261,94.4,27.6,2.5,26460,20789,20124,178,41,244,0,72,130
"Winneshiek","Distilled Spirits",3864,175,94.4,27.6,2.5,26460,20789,20124,178,41,244,0,72,130
"Winneshiek","Amaretto",6755,629,94.4,27.6,2.5,26460,20789,20124,178,41,244,0,72,130
"Winneshiek","Gin",48167,3395,94.4,27.6,2.5,26460,20789,20124,178,41,244,0,72,130
"Winneshiek","Brandy",48442,4024,94.4,27.6,2.5,26460,20789,20124,178,41,244,0,72,130
"Winneshiek","Tequila",63072,4225,94.4,27.6,2.5,26460,20789,20124,178,41,244,0,72,130
"Woodbury","Brandy",396379,20792,85.7,21.7,5,27239,102426,88291,3149,1570,2832,133,3390,3061
"Woodbury","Schnapps",526066,34206,85.7,21.7,5,27239,102426,88291,3149,1570,2832,133,3390,3061
"Woodbury","Distilled Spirits",40457,3296,85.7,21.7,5,27239,102426,88291,3149,1570,2832,133,3390,3061
"Woodbury","Amaretto",37065,3158,85.7,21.7,5,27239,102426,88291,3149,1570,2832,133,3390,3061
"Woodbury","Whisky",3186676,195163,85.7,21.7,5,27239,102426,88291,3149,1570,2832,133,3390,3061
"Woodbury","Gin",208565,15069,85.7,21.7,5,27239,102426,88291,3149,1570,2832,133,3390,3061
"Woodbury","Misc",870036,48810,85.7,21.7,5,27239,102426,88291,3149,1570,2832,133,3390,3061
"Woodbury","Vodka",1864576,156863,85.7,21.7,5,27239,102426,88291,3149,1570,2832,133,3390,3061
"Woodbury","Rum",1295409,90890,85.7,21.7,5,27239,102426,88291,3149,1570,2832,133,3390,3061
"Woodbury","Tequila",721903,39378,85.7,21.7,5,27239,102426,88291,3149,1570,2832,133,3390,3061
"Worth","Whisky",75721,5707,92.3,15.3,6.3,28517,7562,7347,68,6,14,1,5,121
"Worth","Vodka",41310,4552,92.3,15.3,6.3,28517,7562,7347,68,6,14,1,5,121
"Worth","Amaretto",571,68,92.3,15.3,6.3,28517,7562,7347,68,6,14,1,5,121
"Worth","Gin",5099,386,92.3,15.3,6.3,28517,7562,7347,68,6,14,1,5,121
"Worth","Brandy",10054,785,92.3,15.3,6.3,28517,7562,7347,68,6,14,1,5,121
"Worth","Misc",19159,1228,92.3,15.3,6.3,28517,7562,7347,68,6,14,1,5,121
"Worth","Distilled Spirits",678,33,92.3,15.3,6.3,28517,7562,7347,68,6,14,1,5,121
"Worth","Tequila",11127,888,92.3,15.3,6.3,28517,7562,7347,68,6,14,1,5,121
"Worth","Rum",43419,3256,92.3,15.3,6.3,28517,7562,7347,68,6,14,1,5,121
"Worth","Schnapps",11315,769,92.3,15.3,6.3,28517,7562,7347,68,6,14,1,5,121
"Wright","Brandy",9258,749,90,17,6.2,30756,12891,12022,63,26,73,0,530,177
"Wright","Misc",46374,2730,90,17,6.2,30756,12891,12022,63,26,73,0,530,177
"Wright","Gin",10143,844,90,17,6.2,30756,12891,12022,63,26,73,0,530,177
"Wright","Rum",110098,7781,90,17,6.2,30756,12891,12022,63,26,73,0,530,177
"Wright","Tequila",33032,2024,90,17,6.2,30756,12891,12022,63,26,73,0,530,177
"Wright","Amaretto",2150,210,90,17,6.2,30756,12891,12022,63,26,73,0,530,177
"Wright","Schnapps",27088,2057,90,17,6.2,30756,12891,12022,63,26,73,0,530,177
"Wright","Vodka",156735,17132,90,17,6.2,30756,12891,12022,63,26,73,0,530,177
"Wright","Distilled Spirits",1452,69,90,17,6.2,30756,12891,12022,63,26,73,0,530,177
"Wright","Whisky",287821,21560,90,17,6.2,30756,12891,12022,63,26,73,0,530,177
